label,query,subcategory,exact_name,name_contains,district,aliases_en,aliases_zh,append_to,limit,enabled
香港心理衛生會李鄭屋宿舍,香港心理衛生會李鄭屋宿舍,majorDestination,香港心理衛生會李鄭屋宿舍,,,,,,1,true
香港心理衛生會艾齡樓,香港心理衛生會艾齡樓,majorDestination,香港心理衛生會艾齡樓,,,,,,1,true
香港拳擊總會有限公司,香港拳擊總會有限公司,majorDestination,香港拳擊總會有限公司,,,,,,1,true
香港明愛粉嶺宿舍,香港明愛粉嶺宿舍,majorDestination,香港明愛粉嶺宿舍,,,,,,1,true
香港板球,香港板球,majorDestination,香港板球,,,,,,1,true
香港欖球總會,香港欖球總會,majorDestination,香港欖球總會,,,,,,1,true
香港神託會耀安宿舍,香港神託會耀安宿舍,majorDestination,香港神託會耀安宿舍,,,,,,1,true
香港科學館,香港科學館,majorDestination,香港科學館,,,,,,1,true
香港籃球總會有限公司,香港籃球總會有限公司,majorDestination,香港籃球總會有限公司,,,,,,1,true
香港羽毛球總會有限公司,香港羽毛球總會有限公司,majorDestination,香港羽毛球總會有限公司,,,,,,1,true
香港聖公會福利協會康恩園 (中途宿舍),香港聖公會福利協會康恩園 (中途宿舍),majorDestination,香港聖公會福利協會康恩園 (中途宿舍),,,,,,1,true
香港金鐘毅風,香港金鐘毅風,majorDestination,香港金鐘毅風,,,,,,1,true
香港電影資料館,香港電影資料館,majorDestination,香港電影資料館,,,,,,1,true
香港高爾夫球總會有限公司,香港高爾夫球總會有限公司,majorDestination,香港高爾夫球總會有限公司,,,,,,1,true
馬灣公園挪亞方舟,馬灣公園挪亞方舟,majorDestination,馬灣公園挪亞方舟,,,,,,1,true
馬灣古代稅關遺址,馬灣古代稅關遺址,majorDestination,馬灣古代稅關遺址,,,,,,1,true
馬灣東灣泳灘,馬灣東灣泳灘,majorDestination,馬灣東灣泳灘,,,,,,1,true
馬鞍山特別地區,馬鞍山特別地區,majorDestination,馬鞍山特別地區,,,,,,1,true
馬鞍山運動場,馬鞍山運動場,majorDestination,馬鞍山運動場,,,,,,1,true
駿馬精密有限公司,駿馬精密有限公司,majorDestination,駿馬精密有限公司,,,,,,1,true
體育係,體育係,majorDestination,體育係,,,,,,1,true
高山劇場,高山劇場,majorDestination,高山劇場,,,,,,1,true
高山劇場新翼,高山劇場新翼,majorDestination,高山劇場新翼,,,,,,1,true
高雲山莊7座,高雲山莊7座,majorDestination,高雲山莊7座,,,,,,1,true
魚菜科學園,魚菜科學園,majorDestination,魚菜科學園,,,,,,1,true
鯉魚門籃球場,鯉魚門籃球場,majorDestination,鯉魚門籃球場,,,,,,1,true
鰂魚涌公園 (指定位置),鰂魚涌公園 (指定位置),majorDestination,鰂魚涌公園 (指定位置),,,,,,1,true
麒麟崗公眾公園,麒麟崗公眾公園,majorDestination,麒麟崗公眾公園,,,,,,1,true
麗城薈2,麗城薈2,majorDestination,麗城薈2,,,,,,1,true
麥理浩復康院,麥理浩復康院,majorDestination,麥理浩復康院,,,,,,1,true
黃麗松講堂,黃麗松講堂,majorDestination,黃麗松講堂,,,,,,1,true
Ｓｔ·Ｇｅｏｒｇｅ＇ｓ Ｍａｎｓｉｏｎｓ 第三座,Ｓｔ·Ｇｅｏｒｇｅ＇ｓ Ｍａｎｓｉｏｎｓ 第三座,majorDestination,Ｓｔ·Ｇｅｏｒｇｅ＇ｓ Ｍａｎｓｉｏｎｓ 第三座,,,,,,1,true
Ｓｔ·Ｇｅｏｒｇｅ＇ｓ Ｍａｎｓｉｏｎｓ 第二座,Ｓｔ·Ｇｅｏｒｇｅ＇ｓ Ｍａｎｓｉｏｎｓ 第二座,majorDestination,Ｓｔ·Ｇｅｏｒｇｅ＇ｓ Ｍａｎｓｉｏｎｓ 第二座,,,,,,1,true
中央工業大廈,中央工業大廈,industrialArea,中央工業大廈,,,,,,1,true
Alto Residences House 1,Alto Residences House 1,housingEstate,Alto Residences House 1,,,,,,1,true
Alto Residences House 11,Alto Residences House 11,housingEstate,Alto Residences House 11,,,,,,1,true
Alto Residences House 12,Alto Residences House 12,housingEstate,Alto Residences House 12,,,,,,1,true
Alto Residences House 15,Alto Residences House 15,housingEstate,Alto Residences House 15,,,,,,1,true
Alto Residences House 16,Alto Residences House 16,housingEstate,Alto Residences House 16,,,,,,1,true
Alto Residences House 17,Alto Residences House 17,housingEstate,Alto Residences House 17,,,,,,1,true
Alto Residences House 18,Alto Residences House 18,housingEstate,Alto Residences House 18,,,,,,1,true
Alto Residences House 19,Alto Residences House 19,housingEstate,Alto Residences House 19,,,,,,1,true
Alto Residences House 2,Alto Residences House 2,housingEstate,Alto Residences House 2,,,,,,1,true
Alto Residences House 20,Alto Residences House 20,housingEstate,Alto Residences House 20,,,,,,1,true
Alto Residences House 21,Alto Residences House 21,housingEstate,Alto Residences House 21,,,,,,1,true
Alto Residences House 22,Alto Residences House 22,housingEstate,Alto Residences House 22,,,,,,1,true
Alto Residences House 23,Alto Residences House 23,housingEstate,Alto Residences House 23,,,,,,1,true
Alto Residences House 25,Alto Residences House 25,housingEstate,Alto Residences House 25,,,,,,1,true
Alto Residences House 26,Alto Residences House 26,housingEstate,Alto Residences House 26,,,,,,1,true
Alto Residences House 27,Alto Residences House 27,housingEstate,Alto Residences House 27,,,,,,1,true
Alto Residences House 3,Alto Residences House 3,housingEstate,Alto Residences House 3,,,,,,1,true
Alto Residences House 5,Alto Residences House 5,housingEstate,Alto Residences House 5,,,,,,1,true
Alto Residences House 6,Alto Residences House 6,housingEstate,Alto Residences House 6,,,,,,1,true
Alto Residences House 7,Alto Residences House 7,housingEstate,Alto Residences House 7,,,,,,1,true
Alto Residences House 8,Alto Residences House 8,housingEstate,Alto Residences House 8,,,,,,1,true
Alto Residences House 9,Alto Residences House 9,housingEstate,Alto Residences House 9,,,,,,1,true
OK便利店-山景邨,OK便利店-山景邨,housingEstate,OK便利店-山景邨,,,,,,1,true
PARKNSHOP 新翠邨,PARKNSHOP 新翠邨,housingEstate,PARKNSHOP 新翠邨,,,,,,1,true
PARKNSHOP 興華邨,PARKNSHOP 興華邨,housingEstate,PARKNSHOP 興華邨,,,,,,1,true
PARKNSHOP-樂華邨,PARKNSHOP-樂華邨,housingEstate,PARKNSHOP-樂華邨,,,,,,1,true
Wi-Fi.HK 熱點位置: 麥當勞 - 真善美邨,Wi-Fi.HK 熱點位置: 麥當勞 - 真善美邨,housingEstate,Wi-Fi.HK 熱點位置: 麥當勞 - 真善美邨,,,,,,1,true
下洋新村,下洋新村,housingEstate,下洋新村,,,,,,1,true
中嘉閣,中嘉閣,housingEstate,中嘉閣,,,,,,1,true
中興閣,中興閣,housingEstate,中興閣,,,,,,1,true
井頭中村,井頭中村,housingEstate,井頭中村,,,,,,1,true
井頭中村休憩處,井頭中村休憩處,housingEstate,井頭中村休憩處,,,,,,1,true
亨富閣,亨富閣,housingEstate,亨富閣,,,,,,1,true
仁翠苑,仁翠苑,housingEstate,仁翠苑,,,,,,1,true
佳翠苑,佳翠苑,housingEstate,佳翠苑,,,,,,1,true
俐富苑,俐富苑,housingEstate,俐富苑,,,,,,1,true
俐富苑A座,俐富苑A座,housingEstate,俐富苑A座,,,,,,1,true
俐富苑B座,俐富苑B座,housingEstate,俐富苑B座,,,,,,1,true
俐富苑C座,俐富苑C座,housingEstate,俐富苑C座,,,,,,1,true
俐富苑D座,俐富苑D座,housingEstate,俐富苑D座,,,,,,1,true
俐富苑E座,俐富苑E座,housingEstate,俐富苑E座,,,,,,1,true
俐富苑F座,俐富苑F座,housingEstate,俐富苑F座,,,,,,1,true
傲山村,傲山村,housingEstate,傲山村,,,,,,1,true
光景臺,光景臺,housingEstate,光景臺,,,,,,1,true
北社新村,北社新村,housingEstate,北社新村,,,,,,1,true
半山村,半山村,housingEstate,半山村,,,,,,1,true
南山村公所,南山村公所,housingEstate,南山村公所,,,,,,1,true
南山邨,南山邨,housingEstate,南山邨,,,,,,1,true
南山邨平台涼亭,南山邨平台涼亭,housingEstate,南山邨平台涼亭,,,,,,1,true
南灣新村,南灣新村,housingEstate,南灣新村,,,,,,1,true
南豐新邨,南豐新邨,housingEstate,南豐新邨,,,,,,1,true
台北經濟文化辦事處,台北經濟文化辦事處,housingEstate,台北經濟文化辦事處,,,,,,1,true
台山中心,台山中心,housingEstate,台山中心,,,,,,1,true
和景閣,和景閣,housingEstate,和景閣,,,,,,1,true
嘉翠苑A座,嘉翠苑A座,housingEstate,嘉翠苑A座,,,,,,1,true
嘉翠苑B座,嘉翠苑B座,housingEstate,嘉翠苑B座,,,,,,1,true
嘉翠苑C座,嘉翠苑C座,housingEstate,嘉翠苑C座,,,,,,1,true
嘉翠苑D座,嘉翠苑D座,housingEstate,嘉翠苑D座,,,,,,1,true
嘉翠苑E座,嘉翠苑E座,housingEstate,嘉翠苑E座,,,,,,1,true
嘉翠苑F座,嘉翠苑F座,housingEstate,嘉翠苑F座,,,,,,1,true
嘉翠苑H座,嘉翠苑H座,housingEstate,嘉翠苑H座,,,,,,1,true
嘉翠苑I座,嘉翠苑I座,housingEstate,嘉翠苑I座,,,,,,1,true
回收機構及收集點： 宜家家居,回收機構及收集點： 宜家家居,housingEstate,回收機構及收集點： 宜家家居,,,,,,1,true
圓滿閣,圓滿閣,housingEstate,圓滿閣,,,,,,1,true
坪輋新村,坪輋新村,housingEstate,坪輋新村,,,,,,1,true
基督教華富邨潮人生命堂,基督教華富邨潮人生命堂,housingEstate,基督教華富邨潮人生命堂,,,,,,1,true
基督教華富邨潮人生命堂自修中心,基督教華富邨潮人生命堂自修中心,housingEstate,基督教華富邨潮人生命堂自修中心,,,,,,1,true
塘坑東村,塘坑東村,housingEstate,塘坑東村,,,,,,1,true
塘肚山村,塘肚山村,housingEstate,塘肚山村,,,,,,1,true
壁屋新村,壁屋新村,housingEstate,壁屋新村,,,,,,1,true
大坑東邨,大坑東邨,housingEstate,大坑東邨,,,,,,1,true
大坑西新邨,大坑西新邨,housingEstate,大坑西新邨,,,,,,1,true
天富苑,天富苑,housingEstate,天富苑,,,,,,1,true
天富苑A座 (別稱),天富苑A座 (別稱),housingEstate,天富苑A座 (別稱),,,,,,1,true
天富苑B座 (別稱),天富苑B座 (別稱),housingEstate,天富苑B座 (別稱),,,,,,1,true
天富苑C座 (別稱),天富苑C座 (別稱),housingEstate,天富苑C座 (別稱),,,,,,1,true
天富苑D座 (別稱),天富苑D座 (別稱),housingEstate,天富苑D座 (別稱),,,,,,1,true
天富苑E座 (別稱),天富苑E座 (別稱),housingEstate,天富苑E座 (別稱),,,,,,1,true
天富苑F座 (別稱),天富苑F座 (別稱),housingEstate,天富苑F座 (別稱),,,,,,1,true
天富苑G座 (別稱),天富苑G座 (別稱),housingEstate,天富苑G座 (別稱),,,,,,1,true
天富苑H座 (別稱),天富苑H座 (別稱),housingEstate,天富苑H座 (別稱),,,,,,1,true
天富苑J座 (別稱),天富苑J座 (別稱),housingEstate,天富苑J座 (別稱),,,,,,1,true
天富苑K座 (別稱),天富苑K座 (別稱),housingEstate,天富苑K座 (別稱),,,,,,1,true
天富苑L座 (別稱),天富苑L座 (別稱),housingEstate,天富苑L座 (別稱),,,,,,1,true
天富苑M座 (別稱),天富苑M座 (別稱),housingEstate,天富苑M座 (別稱),,,,,,1,true
天富苑N座 (別稱),天富苑N座 (別稱),housingEstate,天富苑N座 (別稱),,,,,,1,true
天富苑O座 (別稱),天富苑O座 (別稱),housingEstate,天富苑O座 (別稱),,,,,,1,true
天富苑P座 (別稱),天富苑P座 (別稱),housingEstate,天富苑P座 (別稱),,,,,,1,true
天平山村,天平山村,housingEstate,天平山村,,,,,,1,true
天華邨(流動圖書館十一),天華邨(流動圖書館十一),housingEstate,天華邨(流動圖書館十一),,,,,,1,true
天華邨服務設施大樓,天華邨服務設施大樓,housingEstate,天華邨服務設施大樓,,,,,,1,true
天華邨服務設施大樓2/F排球場,天華邨服務設施大樓2/F排球場,housingEstate,天華邨服務設施大樓2/F排球場,,,,,,1,true
天華邨服務設施大樓地下,天華邨服務設施大樓地下,housingEstate,天華邨服務設施大樓地下,,,,,,1,true
安景閣,安景閣,housingEstate,安景閣,,,,,,1,true
安麗苑A座,安麗苑A座,housingEstate,安麗苑A座,,,,,,1,true
安麗苑B座,安麗苑B座,housingEstate,安麗苑B座,,,,,,1,true
安麗苑C座,安麗苑C座,housingEstate,安麗苑C座,,,,,,1,true
富山邨,富山邨,housingEstate,富山邨,,,,,,1,true
富昌邨,富昌邨,housingEstate,富昌邨,,,,,,1,true
富景苑,富景苑,housingEstate,富景苑,,,,,,1,true
富苑,富苑,housingEstate,富苑,,,,,,1,true
寶苑A座,寶苑A座,housingEstate,寶苑A座,,,,,,1,true
寶苑B座,寶苑B座,housingEstate,寶苑B座,,,,,,1,true
對面海村,對面海村,housingEstate,對面海村,,,,,,1,true
對面海邨,對面海邨,housingEstate,對面海邨,,,,,,1,true
對面海邨海昌樓,對面海邨海昌樓,housingEstate,對面海邨海昌樓,,,,,,1,true
對面海邨海泰樓,對面海邨海泰樓,housingEstate,對面海邨海泰樓,,,,,,1,true
尤德爵士紀念亭觀景台,尤德爵士紀念亭觀景台,housingEstate,尤德爵士紀念亭觀景台,,,,,,1,true
屏山新村,屏山新村,housingEstate,屏山新村,,,,,,1,true
山景邨,山景邨,housingEstate,山景邨,,,,,,1,true
山景邨(流動圖書館三),山景邨(流動圖書館三),housingEstate,山景邨(流動圖書館三),,,,,,1,true
山景邨社區康樂大樓 (別稱),山景邨社區康樂大樓 (別稱),housingEstate,山景邨社區康樂大樓 (別稱),,,,,,1,true
山村大廈,山村大廈,housingEstate,山村大廈,,,,,,1,true
山村臺,山村臺,housingEstate,山村臺,,,,,,1,true
山村閣,山村閣,housingEstate,山村閣,,,,,,1,true
山翠苑A座,山翠苑A座,housingEstate,山翠苑A座,,,,,,1,true
山翠苑B座,山翠苑B座,housingEstate,山翠苑B座,,,,,,1,true
山翠苑C座,山翠苑C座,housingEstate,山翠苑C座,,,,,,1,true
山翠苑D座,山翠苑D座,housingEstate,山翠苑D座,,,,,,1,true
平台(下層麗華中心),平台(下層麗華中心),housingEstate,平台(下層麗華中心),,,,,,1,true
康東邨,康東邨,housingEstate,康東邨,,,,,,1,true
康東邨康瑞樓,康東邨康瑞樓,housingEstate,康東邨康瑞樓,,,,,,1,true
御景臺,御景臺,housingEstate,御景臺,,,,,,1,true
復華村遊樂場 (前稱),復華村遊樂場 (前稱),housingEstate,復華村遊樂場 (前稱),,,,,,1,true
怡景苑,怡景苑,housingEstate,怡景苑,,,,,,1,true
怡翠苑A座,怡翠苑A座,housingEstate,怡翠苑A座,,,,,,1,true
怡翠苑B座,怡翠苑B座,housingEstate,怡翠苑B座,,,,,,1,true
怡翠苑C座,怡翠苑C座,housingEstate,怡翠苑C座,,,,,,1,true
惠康超級市場-海富苑,惠康超級市場-海富苑,housingEstate,惠康超級市場-海富苑,,,,,,1,true
愛東邨,愛東邨,housingEstate,愛東邨,,,,,,1,true
愛東邨愛澤樓,愛東邨愛澤樓,housingEstate,愛東邨愛澤樓,,,,,,1,true
愛東邨愛逸樓,愛東邨愛逸樓,housingEstate,愛東邨愛逸樓,,,,,,1,true
房屋署湖景邨辦事處,房屋署湖景邨辦事處,housingEstate,房屋署湖景邨辦事處,,,,,,1,true
振興新村,振興新村,housingEstate,振興新村,,,,,,1,true
攸潭美村,攸潭美村,housingEstate,攸潭美村,,,,,,1,true
救世軍油尖綜合家居照顧服務隊(中九龍辦事處),救世軍油尖綜合家居照顧服務隊(中九龍辦事處),housingEstate,救世軍油尖綜合家居照顧服務隊(中九龍辦事處),,,,,,1,true
文物館新翼羅桂祥閣,文物館新翼羅桂祥閣,housingEstate,文物館新翼羅桂祥閣,,,,,,1,true
文華新邨,文華新邨,housingEstate,文華新邨,,,,,,1,true
新村花園,新村花園,housingEstate,新村花園,,,,,,1,true
新翠邨(流動圖書館十一),新翠邨(流動圖書館十一),housingEstate,新翠邨(流動圖書館十一),,,,,,1,true
旺角海富苑海泰閣4樓,旺角海富苑海泰閣4樓,housingEstate,旺角海富苑海泰閣4樓,,,,,,1,true
明愛新村,明愛新村,housingEstate,明愛新村,,,,,,1,true
明愛華富綜合家居照顧服務,明愛華富綜合家居照顧服務,housingEstate,明愛華富綜合家居照顧服務,,,,,,1,true
春風亭觀景台,春風亭觀景台,housingEstate,春風亭觀景台,,,,,,1,true
景緻閣,景緻閣,housingEstate,景緻閣,,,,,,1,true
景翠苑,景翠苑,housingEstate,景翠苑,,,,,,1,true
景興閣,景興閣,housingEstate,景興閣,,,,,,1,true
月中閣,月中閣,housingEstate,月中閣,,,,,,1,true
杏翠苑,杏翠苑,housingEstate,杏翠苑,,,,,,1,true
林村新村,林村新村,housingEstate,林村新村,,,,,,1,true
桂地新村,桂地新村,housingEstate,桂地新村,,,,,,1,true
榮富苑,榮富苑,housingEstate,榮富苑,,,,,,1,true
榮富苑第一座,榮富苑第一座,housingEstate,榮富苑第一座,,,,,,1,true
榮富苑第二座,榮富苑第二座,housingEstate,榮富苑第二座,,,,,,1,true
榮昌邨,榮昌邨,housingEstate,榮昌邨,,,,,,1,true
樂富邨,樂富邨,housingEstate,樂富邨,,,,,,1,true
樂富邨停車場,樂富邨停車場,housingEstate,樂富邨停車場,,,,,,1,true
樂華南邨多層停車場,樂華南邨多層停車場,housingEstate,樂華南邨多層停車場,,,,,,1,true
模達新村,模達新村,housingEstate,模達新村,,,,,,1,true
欣翠苑,欣翠苑,housingEstate,欣翠苑,,,,,,1,true
永富苑,永富苑,housingEstate,永富苑,,,,,,1,true
沙埔新村,沙埔新村,housingEstate,沙埔新村,,,,,,1,true
油美苑,油美苑,housingEstate,油美苑,,,,,,1,true
油美苑停車場,油美苑停車場,housingEstate,油美苑停車場,,,,,,1,true
油麗邨,油麗邨,housingEstate,油麗邨,,,,,,1,true
油麗邨(流動圖書館八),油麗邨(流動圖書館八),housingEstate,油麗邨(流動圖書館八),,,,,,1,true
油麗邨C座智麗樓,油麗邨C座智麗樓,housingEstate,油麗邨C座智麗樓,,,,,,1,true
油麗邨S座卓麗樓,油麗邨S座卓麗樓,housingEstate,油麗邨S座卓麗樓,,,,,,1,true
油麗邨物業服務辦事處,油麗邨物業服務辦事處,housingEstate,油麗邨物業服務辦事處,,,,,,1,true
油麗邨第1期,油麗邨第1期,housingEstate,油麗邨第1期,,,,,,1,true
油麗邨第3期,油麗邨第3期,housingEstate,油麗邨第3期,,,,,,1,true
油麗邨第4期,油麗邨第4期,housingEstate,油麗邨第4期,,,,,,1,true
泓翠苑二期,泓翠苑二期,housingEstate,泓翠苑二期,,,,,,1,true
泓麗苑七座,泓麗苑七座,housingEstate,泓麗苑七座,,,,,,1,true
泓麗苑三座,泓麗苑三座,housingEstate,泓麗苑三座,,,,,,1,true
泓麗苑九座,泓麗苑九座,housingEstate,泓麗苑九座,,,,,,1,true
泓麗苑二座,泓麗苑二座,housingEstate,泓麗苑二座,,,,,,1,true
泓麗苑五座,泓麗苑五座,housingEstate,泓麗苑五座,,,,,,1,true
泓麗苑八座,泓麗苑八座,housingEstate,泓麗苑八座,,,,,,1,true
泓麗苑六座,泓麗苑六座,housingEstate,泓麗苑六座,,,,,,1,true
泓麗苑四座,泓麗苑四座,housingEstate,泓麗苑四座,,,,,,1,true
泮涌新村,泮涌新村,housingEstate,泮涌新村,,,,,,1,true
海壩新村,海壩新村,housingEstate,海壩新村,,,,,,1,true
海富苑,海富苑,housingEstate,海富苑,,,,,,1,true
海富苑(流動圖書館七),海富苑(流動圖書館七),housingEstate,海富苑(流動圖書館七),,,,,,1,true
海富苑海欣閣,海富苑海欣閣,housingEstate,海富苑海欣閣,,,,,,1,true
海寧閣,海寧閣,housingEstate,海寧閣,,,,,,1,true
海嵐閣,海嵐閣,housingEstate,海嵐閣,,,,,,1,true
海泰閣,海泰閣,housingEstate,海泰閣,,,,,,1,true
海韻閣,海韻閣,housingEstate,海韻閣,,,,,,1,true
海麗邨,海麗邨,housingEstate,海麗邨,,,,,,1,true
海麗邨停車場,海麗邨停車場,housingEstate,海麗邨停車場,,,,,,1,true
海麗邨海慧樓,海麗邨海慧樓,housingEstate,海麗邨海慧樓,,,,,,1,true
海麗邨海瑞樓,海麗邨海瑞樓,housingEstate,海麗邨海瑞樓,,,,,,1,true
海麗邨海賢樓,海麗邨海賢樓,housingEstate,海麗邨海賢樓,,,,,,1,true
涌美村,涌美村,housingEstate,涌美村,,,,,,1,true
淑美閣,淑美閣,housingEstate,淑美閣,,,,,,1,true
淮美閣,淮美閣,housingEstate,淮美閣,,,,,,1,true
深井東村康樂中心,深井東村康樂中心,housingEstate,深井東村康樂中心,,,,,,1,true
港景苑,港景苑,housingEstate,港景苑,,,,,,1,true
港頭新村,港頭新村,housingEstate,港頭新村,,,,,,1,true
湖景邨1號月租停車場,湖景邨1號月租停車場,housingEstate,湖景邨1號月租停車場,,,,,,1,true
湖景邨1號月租多層停車場 (別稱),湖景邨1號月租多層停車場 (別稱),housingEstate,湖景邨1號月租多層停車場 (別稱),,,,,,1,true
湖景邨2號月租停車場,湖景邨2號月租停車場,housingEstate,湖景邨2號月租停車場,,,,,,1,true
湖景邨2號月租多層停車場 (別稱),湖景邨2號月租多層停車場 (別稱),housingEstate,湖景邨2號月租多層停車場 (別稱),,,,,,1,true
湖景邨工場,湖景邨工場,housingEstate,湖景邨工場,,,,,,1,true
湖景邨湖碧樓,湖景邨湖碧樓,housingEstate,湖景邨湖碧樓,,,,,,1,true
湖景邨湖翠樓,湖景邨湖翠樓,housingEstate,湖景邨湖翠樓,,,,,,1,true
滘西新村,滘西新村,housingEstate,滘西新村,,,,,,1,true
滘西村故事館,滘西村故事館,housingEstate,滘西村故事館,,,,,,1,true
滘西村碼頭,滘西村碼頭,housingEstate,滘西村碼頭,,,,,,1,true
滿東邨,滿東邨,housingEstate,滿東邨,,,,,,1,true
滿東邨1座滿和樓,滿東邨1座滿和樓,housingEstate,滿東邨1座滿和樓,,,,,,1,true
滿東邨滿康樓,滿東邨滿康樓,housingEstate,滿東邨滿康樓,,,,,,1,true
滿東邨物業服務辦事處,滿東邨物業服務辦事處,housingEstate,滿東邨物業服務辦事處,,,,,,1,true
漁民新村,漁民新村,housingEstate,漁民新村,,,,,,1,true
潤美閣,潤美閣,housingEstate,潤美閣,,,,,,1,true
濤美閣,濤美閣,housingEstate,濤美閣,,,,,,1,true
瀅美閣,瀅美閣,housingEstate,瀅美閣,,,,,,1,true
王陶村醫生,王陶村醫生,housingEstate,王陶村醫生,,,,,,1,true
環翠邨公園,環翠邨公園,housingEstate,環翠邨公園,,,,,,1,true
環翠邨溜冰場,環翠邨溜冰場,housingEstate,環翠邨溜冰場,,,,,,1,true
白田新村,白田新村,housingEstate,白田新村,,,,,,1,true
皇后山邨,皇后山邨,housingEstate,皇后山邨,,,,,,1,true
皇后山邨皇溢樓,皇后山邨皇溢樓,housingEstate,皇后山邨皇溢樓,,,,,,1,true
皇后山邨皇滙樓,皇后山邨皇滙樓,housingEstate,皇后山邨皇滙樓,,,,,,1,true
皇后山邨皇澄樓,皇后山邨皇澄樓,housingEstate,皇后山邨皇澄樓,,,,,,1,true
皇后山邨皇盛樓,皇后山邨皇盛樓,housingEstate,皇后山邨皇盛樓,,,,,,1,true
皇后山邨皇順樓,皇后山邨皇順樓,housingEstate,皇后山邨皇順樓,,,,,,1,true
皇后山邨皇頤樓,皇后山邨皇頤樓,housingEstate,皇后山邨皇頤樓,,,,,,1,true
真善美村,真善美村,housingEstate,真善美村,,,,,,1,true
眺景台,眺景台,housingEstate,眺景台,,,,,,1,true
石蔭東邨,石蔭東邨,housingEstate,石蔭東邨,,,,,,1,true
碧水新村,碧水新村,housingEstate,碧水新村,,,,,,1,true
碧翠苑1A,碧翠苑1A,housingEstate,碧翠苑1A,,,,,,1,true
碧翠苑1B,碧翠苑1B,housingEstate,碧翠苑1B,,,,,,1,true
碧翠苑2A,碧翠苑2A,housingEstate,碧翠苑2A,,,,,,1,true
碧翠苑2B,碧翠苑2B,housingEstate,碧翠苑2B,,,,,,1,true
碧翠苑3A,碧翠苑3A,housingEstate,碧翠苑3A,,,,,,1,true
碧翠苑3B,碧翠苑3B,housingEstate,碧翠苑3B,,,,,,1,true
碧翠苑4A,碧翠苑4A,housingEstate,碧翠苑4A,,,,,,1,true
碧翠苑4B,碧翠苑4B,housingEstate,碧翠苑4B,,,,,,1,true
碧翠苑5A,碧翠苑5A,housingEstate,碧翠苑5A,,,,,,1,true
碧翠苑5B,碧翠苑5B,housingEstate,碧翠苑5B,,,,,,1,true
碧翠苑6A,碧翠苑6A,housingEstate,碧翠苑6A,,,,,,1,true
碧翠苑6B,碧翠苑6B,housingEstate,碧翠苑6B,,,,,,1,true
碧翠苑7A,碧翠苑7A,housingEstate,碧翠苑7A,,,,,,1,true
碧翠苑7B,碧翠苑7B,housingEstate,碧翠苑7B,,,,,,1,true
礦山村,礦山村,housingEstate,礦山村,,,,,,1,true
社山村,社山村,housingEstate,社山村,,,,,,1,true
社山村公所,社山村公所,housingEstate,社山村公所,,,,,,1,true
祥華邨,祥華邨,housingEstate,祥華邨,,,,,,1,true
秀麗苑第10座,秀麗苑第10座,housingEstate,秀麗苑第10座,,,,,,1,true
秀麗苑第11座,秀麗苑第11座,housingEstate,秀麗苑第11座,,,,,,1,true
秀麗苑第12座,秀麗苑第12座,housingEstate,秀麗苑第12座,,,,,,1,true
秀麗苑第1座,秀麗苑第1座,housingEstate,秀麗苑第1座,,,,,,1,true
秀麗苑第2座,秀麗苑第2座,housingEstate,秀麗苑第2座,,,,,,1,true
秀麗苑第3座,秀麗苑第3座,housingEstate,秀麗苑第3座,,,,,,1,true
秀麗苑第4座,秀麗苑第4座,housingEstate,秀麗苑第4座,,,,,,1,true
秀麗苑第5座,秀麗苑第5座,housingEstate,秀麗苑第5座,,,,,,1,true
秀麗苑第6座,秀麗苑第6座,housingEstate,秀麗苑第6座,,,,,,1,true
秀麗苑第7座,秀麗苑第7座,housingEstate,秀麗苑第7座,,,,,,1,true
秀麗苑第8座,秀麗苑第8座,housingEstate,秀麗苑第8座,,,,,,1,true
秀麗苑第9座,秀麗苑第9座,housingEstate,秀麗苑第9座,,,,,,1,true
窩尾休憩花園,窩尾休憩花園,housingEstate,窩尾休憩花園,,,,,,1,true
窩美村公所,窩美村公所,housingEstate,窩美村公所,,,,,,1,true
米埔新村,米埔新村,housingEstate,米埔新村,,,,,,1,true
紅橋新村,紅橋新村,housingEstate,紅橋新村,,,,,,1,true
美孚新邨,美孚新邨,housingEstate,美孚新邨,,,,,,1,true
美援新村,美援新村,housingEstate,美援新村,,,,,,1,true
美東邨,美東邨,housingEstate,美東邨,,,,,,1,true
美麗邨,美麗邨,housingEstate,美麗邨,,,,,,1,true
美麗邨東座,美麗邨東座,housingEstate,美麗邨東座,,,,,,1,true
美麗邨西座,美麗邨西座,housingEstate,美麗邨西座,,,,,,1,true
翔東邨,翔東邨,housingEstate,翔東邨,,,,,,1,true
翔東邨物業服務辦事處,翔東邨物業服務辦事處,housingEstate,翔東邨物業服務辦事處,,,,,,1,true
翠景苑,翠景苑,housingEstate,翠景苑,,,,,,1,true
耀東邨,耀東邨,housingEstate,耀東邨,,,,,,1,true
耀東邨耀明樓,耀東邨耀明樓,housingEstate,耀東邨耀明樓,,,,,,1,true
耀東邨耀樂樓,耀東邨耀樂樓,housingEstate,耀東邨耀樂樓,,,,,,1,true
耀東邨耀豐樓,耀東邨耀豐樓,housingEstate,耀東邨耀豐樓,,,,,,1,true
聖雅各福群會僖明居,聖雅各福群會僖明居,housingEstate,聖雅各福群會僖明居,,,,,,1,true
聯合苑,聯合苑,housingEstate,聯合苑,,,,,,1,true
聯安新村,聯安新村,housingEstate,聯安新村,,,,,,1,true
興富閣,興富閣,housingEstate,興富閣,,,,,,1,true
興東邨,興東邨,housingEstate,興東邨,,,,,,1,true
興東邨物業服務辦事處,興東邨物業服務辦事處,housingEstate,興東邨物業服務辦事處,,,,,,1,true
興東邨興康樓,興東邨興康樓,housingEstate,興東邨興康樓,,,,,,1,true
興東邨興祖樓,興東邨興祖樓,housingEstate,興東邨興祖樓,,,,,,1,true
興東邨興豐樓,興東邨興豐樓,housingEstate,興東邨興豐樓,,,,,,1,true
興華邨(第二期),興華邨(第二期),housingEstate,興華邨(第二期),,,,,,1,true
興華邨一號遊樂場,興華邨一號遊樂場,housingEstate,興華邨一號遊樂場,,,,,,1,true
興華邨第二期 (前稱),興華邨第二期 (前稱),housingEstate,興華邨第二期 (前稱),,,,,,1,true
興華邨（第二期） (前稱),興華邨（第二期） (前稱),housingEstate,興華邨（第二期） (前稱),,,,,,1,true
良景邨,良景邨,housingEstate,良景邨,,,,,,1,true
良景邨(流動圖書館三),良景邨(流動圖書館三),housingEstate,良景邨(流動圖書館三),,,,,,1,true
茅坪新村,茅坪新村,housingEstate,茅坪新村,,,,,,1,true
荔景邨仰景樓,荔景邨仰景樓,housingEstate,荔景邨仰景樓,,,,,,1,true
荔景邨停車場A,荔景邨停車場A,housingEstate,荔景邨停車場A,,,,,,1,true
荔景邨停車場C,荔景邨停車場C,housingEstate,荔景邨停車場C,,,,,,1,true
荔景邨停車場D,荔景邨停車場D,housingEstate,荔景邨停車場D,,,,,,1,true
荔景邨明景樓,荔景邨明景樓,housingEstate,荔景邨明景樓,,,,,,1,true
莉景閣,莉景閣,housingEstate,莉景閣,,,,,,1,true
華富邨 (前稱),華富邨 (前稱),housingEstate,華富邨 (前稱),,,,,,1,true
華富邨彌撒中心,華富邨彌撒中心,housingEstate,華富邨彌撒中心,,,,,,1,true
華景苑,華景苑,housingEstate,華景苑,,,,,,1,true
華美苑,華美苑,housingEstate,華美苑,,,,,,1,true
華麗苑三期,華麗苑三期,housingEstate,華麗苑三期,,,,,,1,true
萬壽新村,萬壽新村,housingEstate,萬壽新村,,,,,,1,true
葵盛東邨,葵盛東邨,housingEstate,葵盛東邨,,,,,,1,true
葵盛東邨物業服務辦事處,葵盛東邨物業服務辦事處,housingEstate,葵盛東邨物業服務辦事處,,,,,,1,true
葵盛浸信會(葵盛西邨),葵盛浸信會(葵盛西邨),housingEstate,葵盛浸信會(葵盛西邨),,,,,,1,true
葵盛西邨,葵盛西邨,housingEstate,葵盛西邨,,,,,,1,true
葵盛西邨1座,葵盛西邨1座,housingEstate,葵盛西邨1座,,,,,,1,true
葵盛西邨6座,葵盛西邨6座,housingEstate,葵盛西邨6座,,,,,,1,true
葵盛西邨9座,葵盛西邨9座,housingEstate,葵盛西邨9座,,,,,,1,true
葵盛西邨停車場,葵盛西邨停車場,housingEstate,葵盛西邨停車場,,,,,,1,true
葵盛西邨第一座,葵盛西邨第一座,housingEstate,葵盛西邨第一座,,,,,,1,true
葵盛西邨第七座,葵盛西邨第七座,housingEstate,葵盛西邨第七座,,,,,,1,true
葵盛西邨第三座,葵盛西邨第三座,housingEstate,葵盛西邨第三座,,,,,,1,true
葵盛西邨第九座,葵盛西邨第九座,housingEstate,葵盛西邨第九座,,,,,,1,true
葵盛西邨第二座,葵盛西邨第二座,housingEstate,葵盛西邨第二座,,,,,,1,true
葵盛西邨第八座,葵盛西邨第八座,housingEstate,葵盛西邨第八座,,,,,,1,true
葵盛西邨第六座,葵盛西邨第六座,housingEstate,葵盛西邨第六座,,,,,,1,true
葵盛西邨第四座,葵盛西邨第四座,housingEstate,葵盛西邨第四座,,,,,,1,true
虎地中村兒童遊樂場,虎地中村兒童遊樂場,housingEstate,虎地中村兒童遊樂場,,,,,,1,true
蝦尾新村,蝦尾新村,housingEstate,蝦尾新村,,,,,,1,true
蝴蝶山村,蝴蝶山村,housingEstate,蝴蝶山村,,,,,,1,true
蠔涌新村,蠔涌新村,housingEstate,蠔涌新村,,,,,,1,true
西貢對面海村互助委員會 (前稱),西貢對面海村互助委員會 (前稱),housingEstate,西貢對面海村互助委員會 (前稱),,,,,,1,true
觀音山村,觀音山村,housingEstate,觀音山村,,,,,,1,true
象山邨樂屋,象山邨樂屋,housingEstate,象山邨樂屋,,,,,,1,true
象山邨熟食檔,象山邨熟食檔,housingEstate,象山邨熟食檔,,,,,,1,true
迎東邨,迎東邨,housingEstate,迎東邨,,,,,,1,true
迎東邨物業服務辦事處,迎東邨物業服務辦事處,housingEstate,迎東邨物業服務辦事處,,,,,,1,true
連富苑,連富苑,housingEstate,連富苑,,,,,,1,true
連翠邨,連翠邨,housingEstate,連翠邨,,,,,,1,true
逸東邨清逸樓,逸東邨清逸樓,housingEstate,逸東邨清逸樓,,,,,,1,true
都會軒,都會軒,housingEstate,都會軒,,,,,,1,true
金庭居,金庭居,housingEstate,金庭居,,,,,,1,true
金翠苑A座,金翠苑A座,housingEstate,金翠苑A座,,,,,,1,true
金翠苑B座,金翠苑B座,housingEstate,金翠苑B座,,,,,,1,true
金翠苑C座,金翠苑C座,housingEstate,金翠苑C座,,,,,,1,true
金翠苑D座,金翠苑D座,housingEstate,金翠苑D座,,,,,,1,true
金麗苑A座,金麗苑A座,housingEstate,金麗苑A座,,,,,,1,true
金麗苑B座,金麗苑B座,housingEstate,金麗苑B座,,,,,,1,true
鈞樂新邨,鈞樂新邨,housingEstate,鈞樂新邨,,,,,,1,true
錦山村公所,錦山村公所,housingEstate,錦山村公所,,,,,,1,true
錦石新村,錦石新村,housingEstate,錦石新村,,,,,,1,true
長春新村,長春新村,housingEstate,長春新村,,,,,,1,true
院士軒,院士軒,housingEstate,院士軒,,,,,,1,true
雅麗苑H座,雅麗苑H座,housingEstate,雅麗苑H座,,,,,,1,true
雅麗苑第二座,雅麗苑第二座,housingEstate,雅麗苑第二座,,,,,,1,true
雅麗苑第十一座,雅麗苑第十一座,housingEstate,雅麗苑第十一座,,,,,,1,true
雍翠苑,雍翠苑,housingEstate,雍翠苑,,,,,,1,true
雲桂村,雲桂村,housingEstate,雲桂村,,,,,,1,true
靈山村,靈山村,housingEstate,靈山村,,,,,,1,true
青富苑,青富苑,housingEstate,青富苑,,,,,,1,true
青山村,青山村,housingEstate,青山村,,,,,,1,true
青山村散石灣北,青山村散石灣北,housingEstate,青山村散石灣北,,,,,,1,true
青山村散石灣南,青山村散石灣南,housingEstate,青山村散石灣南,,,,,,1,true
青山村村公所,青山村村公所,housingEstate,青山村村公所,,,,,,1,true
青翠苑,青翠苑,housingEstate,青翠苑,,,,,,1,true
順景苑,順景苑,housingEstate,順景苑,,,,,,1,true
香港基督教女青年會九龍城綜合家居照顧服務隊,香港基督教女青年會九龍城綜合家居照顧服務隊,housingEstate,香港基督教女青年會九龍城綜合家居照顧服務隊,,,,,,1,true
香港天文台資源中心,香港天文台資源中心,housingEstate,香港天文台資源中心,,,,,,1,true
