ParkingSpaceId,ParkingMeterStatus,OccupancyStatus,OccupancyDateChanged
10006A,N,O,04/07/2026 02:59:15 PM
10006B,N,O,04/07/2026 03:39:21 PM
10007A,N,O,04/07/2026 09:57:52 AM
10007B,N,O,04/07/2026 09:57:56 AM
10008A,N,O,04/07/2026 09:56:46 AM
10008B,N,O,04/07/2026 09:56:46 AM
10009A,N,O,04/07/2026 09:55:46 AM
10009B,N,O,04/07/2026 03:27:51 PM
10010A,N,O,04/07/2026 02:32:46 PM
10010B,N,O,04/07/2026 01:03:07 PM
10012A,N,O,04/02/2026 07:57:42 AM
10012B,N,O,04/02/2026 11:42:07 AM
10013A,N,O,04/02/2026 02:05:04 PM
10013B,N,O,04/02/2026 11:13:28 AM
10014A,N,O,04/02/2026 08:58:57 PM
10014B,N,O,04/02/2026 07:42:16 PM
10015A,N,O,04/02/2026 08:27:45 AM
10015B,N,O,04/02/2026 08:48:28 PM
1001A,N,V,04/07/2026 03:43:18 PM
10021A,N,O,04/07/2026 10:28:52 AM
10021B,N,O,04/07/2026 10:29:12 AM
10022A,N,O,04/07/2026 02:09:39 PM
10022B,N,O,04/07/2026 01:44:46 PM
10023A,N,O,04/07/2026 10:26:51 AM
10023B,N,O,04/07/2026 01:50:03 PM
10024A,N,O,04/07/2026 03:53:20 PM
10024B,N,O,04/07/2026 10:25:58 AM
10025A,N,O,04/07/2026 03:47:11 PM
10025B,N,O,04/07/2026 01:42:12 PM
10026A,N,O,04/07/2026 10:28:52 AM
10026B,N,O,04/07/2026 10:28:52 AM
10027A,N,O,04/07/2026 10:28:07 AM
10028A,N,O,04/07/2026 03:05:08 PM
10028B,N,O,04/07/2026 08:56:49 AM
10029A,N,O,04/07/2026 10:02:16 AM
10029B,N,O,04/07/2026 12:29:44 PM
1002A,N,V,04/07/2026 03:57:18 PM
10030A,N,O,04/07/2026 03:51:52 PM
10030B,N,O,04/07/2026 03:43:51 PM
10031A,N,O,04/07/2026 09:53:29 AM
10031B,N,O,04/07/2026 02:32:38 PM
10033B,N,O,04/07/2026 02:58:38 PM
10034A,N,V,04/07/2026 03:55:42 PM
10034B,N,O,04/07/2026 02:41:23 PM
10035A,N,O,04/07/2026 11:17:22 AM
10035B,N,O,04/07/2026 03:56:18 PM
10036A,N,O,04/07/2026 02:16:58 PM
10036B,N,O,04/07/2026 02:24:13 PM
10037A,N,O,04/02/2026 04:24:44 PM
10037B,N,O,04/02/2026 12:00:09 PM
10038A,N,O,04/02/2026 10:42:05 AM
10039A,N,O,04/07/2026 12:19:24 PM
10039B,N,O,04/07/2026 03:40:38 PM
1003B,N,O,04/07/2026 03:47:56 PM
10040A,N,O,04/07/2026 08:59:44 AM
10040B,N,O,04/07/2026 10:49:59 AM
10041A,N,O,04/07/2026 12:17:33 PM
10041B,N,O,04/07/2026 01:24:26 PM
10042A,N,O,04/07/2026 03:21:40 PM
10042B,N,O,04/07/2026 02:08:19 PM
10057A,N,O,04/07/2026 01:17:12 PM
10057B,N,O,04/07/2026 10:14:10 AM
10058A,N,O,04/07/2026 12:08:45 PM
10058B,N,O,04/07/2026 03:44:57 PM
10059A,N,O,04/07/2026 10:25:47 AM
10059B,N,O,04/06/2026 10:25:46 AM
1006B,N,V,04/07/2026 01:22:54 PM
10072A,N,O,04/07/2026 03:09:08 PM
10073A,N,O,04/07/2026 03:11:57 PM
10073B,N,O,04/07/2026 09:56:52 AM
10074A,N,O,04/07/2026 01:15:48 PM
10074B,N,O,04/07/2026 03:46:07 PM
10075A,N,O,04/07/2026 03:27:35 PM
10075B,N,O,04/07/2026 03:57:40 PM
10083A,N,O,04/07/2026 03:45:25 PM
10083B,N,O,04/07/2026 10:26:22 AM
10084A,N,O,04/07/2026 08:55:51 AM
10084B,N,O,04/07/2026 02:45:45 PM
10085A,N,O,04/07/2026 03:44:06 PM
10085B,N,O,04/07/2026 03:30:24 PM
10086A,N,O,04/07/2026 11:59:30 AM
10086B,N,O,04/07/2026 08:58:48 AM
10091A,N,O,04/02/2026 07:58:42 AM
10092A,N,O,04/02/2026 09:18:56 AM
10092B,N,O,04/02/2026 01:21:24 PM
100A,N,V,04/07/2026 03:57:36 PM
100B,N,V,04/07/2026 03:12:36 PM
10112A,N,V,04/06/2026 08:11:40 PM
10112B,N,O,04/07/2026 08:57:54 AM
10113A,N,O,04/07/2026 08:56:55 AM
10113B,N,O,04/07/2026 11:45:34 AM
10118A,N,O,04/07/2026 03:23:27 PM
10118B,N,O,04/07/2026 02:01:55 PM
10119A,N,O,04/07/2026 02:04:27 PM
10119B,N,O,04/07/2026 10:24:25 AM
10120A,N,O,04/07/2026 11:53:58 AM
10120B,N,O,04/07/2026 03:47:39 PM
10121A,N,O,04/07/2026 03:39:49 PM
10121B,N,O,04/07/2026 08:58:50 AM
10122A,N,O,04/07/2026 08:57:55 AM
10122B,N,O,04/07/2026 01:36:36 PM
10124A,N,O,04/07/2026 08:55:49 AM
10124B,N,O,04/07/2026 10:15:39 AM
10125A,N,O,04/07/2026 01:46:21 PM
10125B,N,O,04/07/2026 08:59:54 AM
10131B,N,O,04/07/2026 03:35:59 PM
10132A,N,O,04/07/2026 02:06:22 PM
10132B,N,O,04/07/2026 12:50:51 PM
10133A,N,O,04/07/2026 03:50:41 PM
10133B,N,O,04/07/2026 10:26:53 AM
10134A,N,O,04/07/2026 03:36:36 PM
10134B,N,O,04/07/2026 03:37:55 PM
10135A,N,O,04/07/2026 03:53:01 PM
10135B,N,O,04/07/2026 03:18:43 PM
10136A,N,O,04/07/2026 03:54:59 PM
10136B,N,O,04/07/2026 01:49:21 PM
10137A,N,O,04/07/2026 11:20:52 AM
10137B,N,O,04/07/2026 10:28:09 AM
10138A,N,O,04/07/2026 02:27:36 PM
10138B,N,O,04/07/2026 03:11:08 PM
10145A,N,O,04/07/2026 09:59:50 AM
10146A,N,O,04/07/2026 09:58:52 AM
10146B,N,O,04/07/2026 09:58:52 AM
10148B,N,O,04/07/2026 09:56:59 AM
10149B,N,V,04/07/2026 03:09:56 PM
10153A,N,O,04/07/2026 12:47:49 PM
10153B,N,O,04/07/2026 10:43:33 AM
10154A,N,O,04/07/2026 01:00:16 PM
10154B,N,O,04/07/2026 08:55:53 AM
10155A,N,O,04/07/2026 03:26:49 PM
10155B,N,O,04/07/2026 12:31:16 PM
10156B,N,O,04/07/2026 02:55:39 PM
10158A,N,O,04/07/2026 02:00:23 PM
10158B,N,O,04/07/2026 03:45:47 PM
10159A,N,O,04/07/2026 12:22:19 PM
10159B,N,O,04/07/2026 03:20:33 PM
10160A,N,O,04/07/2026 03:42:29 PM
10160B,N,O,04/07/2026 02:22:21 PM
10161A,N,O,04/07/2026 03:13:58 PM
10161B,N,O,04/07/2026 03:40:02 PM
10172A,N,O,04/07/2026 09:57:45 AM
10172B,N,O,04/07/2026 02:00:29 PM
10173A,N,O,04/07/2026 09:56:42 AM
10173B,N,O,04/07/2026 09:56:55 AM
10174A,N,O,04/07/2026 12:38:12 PM
10174B,N,O,04/07/2026 09:55:51 AM
10175A,N,O,04/07/2026 10:00:17 AM
10175B,N,O,04/07/2026 10:53:13 AM
10176B,N,O,04/07/2026 09:58:50 AM
10182A,N,O,04/07/2026 03:57:28 PM
10182B,N,O,07/22/2025 01:25:37 PM
10183A,N,O,04/07/2026 03:20:12 PM
10185A,N,O,04/07/2026 08:59:43 AM
10185B,N,O,04/07/2026 03:17:26 PM
10186A,N,O,04/07/2026 03:30:02 PM
10186B,N,O,04/07/2026 11:17:09 AM
10187A,N,O,04/07/2026 01:50:35 PM
10187B,N,V,04/07/2026 12:01:47 PM
10188A,N,O,04/07/2026 08:56:43 AM
10188B,N,O,04/07/2026 10:19:17 AM
10189A,N,O,04/07/2026 01:57:38 PM
10189B,N,O,04/07/2026 08:55:44 AM
10190A,N,O,04/07/2026 03:29:54 PM
10190B,N,O,04/07/2026 12:22:45 PM
10191A,N,O,04/07/2026 12:21:49 PM
10191B,N,O,04/07/2026 11:41:34 AM
10192A,N,O,04/07/2026 09:11:00 AM
10192B,N,O,04/07/2026 01:54:04 PM
10196A,N,O,04/07/2026 12:25:18 PM
10196B,N,O,04/07/2026 03:34:06 PM
101A,N,V,04/07/2026 10:48:03 AM
101B,N,V,04/07/2026 10:48:39 AM
10200A,N,O,04/07/2026 03:38:45 PM
10201A,N,O,04/07/2026 10:28:42 AM
10201B,N,O,04/07/2026 10:28:42 AM
10207A,N,O,04/07/2026 08:57:48 AM
10207B,N,O,04/07/2026 03:38:11 PM
10209B,N,O,04/07/2026 03:28:46 PM
10211A,N,O,04/07/2026 03:44:38 PM
10211B,N,O,04/07/2026 02:44:50 PM
10212A,N,O,04/07/2026 03:09:52 PM
10212B,N,O,04/07/2026 08:57:43 AM
10213A,N,O,04/07/2026 03:27:18 PM
10213B,N,O,04/07/2026 03:41:41 PM
10215B,N,O,04/07/2026 10:29:45 AM
10216A,N,O,04/07/2026 02:35:41 PM
10216B,N,O,04/07/2026 10:28:53 AM
1021A,N,V,04/07/2026 03:57:20 PM
1021B,N,O,04/07/2026 03:56:02 PM
10222A,N,O,04/07/2026 03:07:56 PM
10222B,N,O,04/07/2026 11:08:54 AM
10223A,N,O,04/07/2026 02:55:24 PM
10224A,N,O,04/07/2026 02:43:15 PM
10224B,N,O,04/07/2026 08:55:52 AM
10225A,N,O,04/07/2026 12:33:30 PM
10225B,N,O,04/07/2026 01:02:11 PM
10226A,N,O,04/07/2026 12:44:03 PM
10226B,N,V,04/07/2026 03:56:51 PM
10227A,N,O,04/07/2026 11:58:52 AM
10227B,N,O,04/07/2026 03:04:49 PM
10228B,N,O,04/02/2026 07:56:46 AM
10229A,N,O,04/02/2026 07:55:44 AM
10229B,N,O,04/02/2026 04:20:57 PM
1022A,N,O,04/07/2026 01:28:28 PM
1022B,N,O,04/07/2026 08:57:51 AM
10231B,N,O,04/02/2026 07:58:44 AM
10232A,N,O,04/02/2026 10:05:42 AM
10232B,N,O,04/02/2026 10:13:03 AM
10233B,N,V,04/07/2026 03:29:51 PM
10234A,N,O,04/07/2026 12:47:19 PM
10234B,N,O,04/07/2026 02:53:22 PM
10235A,N,O,04/07/2026 03:06:49 PM
10235B,N,O,04/07/2026 02:51:16 PM
10236A,N,O,04/07/2026 03:54:03 PM
10237A,N,O,04/07/2026 08:57:46 AM
10237B,N,O,04/07/2026 03:32:34 PM
10238A,N,V,04/07/2026 03:56:57 PM
10238B,N,O,04/07/2026 02:55:15 PM
10239A,N,O,04/07/2026 02:45:56 PM
10239B,N,O,04/07/2026 03:35:07 PM
1023A,N,O,04/07/2026 03:40:31 PM
1023B,N,O,04/07/2026 01:38:28 PM
10240B,N,O,04/07/2026 03:07:04 PM
10241A,N,V,04/07/2026 03:51:42 PM
10241B,N,O,04/07/2026 02:29:39 PM
10242A,N,O,04/07/2026 03:45:51 PM
10242B,N,O,04/07/2026 01:49:57 PM
10245A,N,O,04/02/2026 08:49:22 AM
10245B,N,O,04/02/2026 07:59:46 AM
10246A,N,O,04/07/2026 03:16:07 PM
10246B,N,O,04/07/2026 03:03:07 PM
10247A,N,O,04/07/2026 03:40:02 PM
1024A,N,V,04/07/2026 03:55:10 PM
1024B,N,O,04/07/2026 03:40:12 PM
10253A,N,O,04/07/2026 01:26:03 PM
10254A,N,O,04/07/2026 03:47:43 PM
10254B,N,O,04/07/2026 03:49:05 PM
10256A,N,O,04/02/2026 07:59:03 AM
10256B,N,O,04/02/2026 07:58:54 AM
10257A,N,O,04/02/2026 07:36:06 PM
10257B,N,O,04/02/2026 03:08:58 PM
10258A,N,O,04/07/2026 03:27:49 PM
10258B,N,O,04/06/2026 08:30:06 PM
10259A,N,O,04/07/2026 03:22:57 PM
10259B,N,O,04/07/2026 03:04:25 PM
1025A,N,O,04/07/2026 02:54:44 PM
1025B,N,O,04/07/2026 03:11:46 PM
10262A,N,O,04/07/2026 02:54:10 PM
10262B,N,O,04/07/2026 08:21:42 AM
10263A,N,O,04/07/2026 10:51:11 AM
10263B,N,O,04/07/2026 11:44:56 AM
10264A,N,O,04/07/2026 02:06:45 PM
10264B,N,O,04/07/2026 06:55:44 AM
1026A,N,V,04/07/2026 02:03:17 PM
10270A,N,O,04/07/2026 02:30:38 PM
10270B,N,O,04/07/2026 03:17:03 PM
10271A,N,V,04/07/2026 03:57:03 PM
10271B,N,O,04/07/2026 03:46:48 PM
10272A,N,V,04/07/2026 03:56:13 PM
10272B,N,O,04/07/2026 03:10:55 PM
10273A,N,O,04/07/2026 03:51:03 PM
10273B,N,O,04/07/2026 03:51:17 PM
1027A,N,O,04/07/2026 03:17:29 PM
1027B,N,V,04/07/2026 10:04:15 AM
10280A,N,O,04/07/2026 03:49:23 PM
10280B,N,O,04/07/2026 10:12:50 AM
10281A,N,O,04/07/2026 11:37:03 AM
10281B,N,O,04/07/2026 03:50:17 PM
10286A,N,O,04/07/2026 03:13:48 PM
10286B,N,O,04/07/2026 03:52:07 PM
10287A,N,O,04/07/2026 03:11:16 PM
10287B,N,O,04/07/2026 02:43:32 PM
1028A,N,V,04/06/2026 09:33:10 PM
1028B,N,O,04/07/2026 02:42:55 PM
10295A,N,V,04/07/2026 03:56:55 PM
10296A,N,O,04/07/2026 10:45:24 AM
10296B,N,O,04/07/2026 02:09:53 PM
10297A,N,O,04/07/2026 02:46:48 PM
10297B,N,V,04/07/2026 03:56:08 PM
10298A,N,O,04/07/2026 01:52:36 PM
10298B,N,O,04/07/2026 08:56:52 AM
1029A,N,O,04/07/2026 03:16:39 PM
1029B,N,O,04/07/2026 03:17:27 PM
102A,N,V,04/07/2026 03:41:08 PM
102B,N,O,04/07/2026 02:07:37 PM
10301A,N,O,04/07/2026 03:48:27 PM
10301B,N,O,04/07/2026 11:38:06 AM
10302A,N,V,04/07/2026 03:52:20 PM
10302B,N,O,04/07/2026 03:25:06 PM
10303A,N,O,04/07/2026 01:34:37 PM
10303B,N,O,04/07/2026 12:01:46 PM
1030A,N,O,04/07/2026 03:16:23 PM
1030B,N,V,04/07/2026 03:35:23 PM
10310A,N,V,04/07/2026 02:36:29 PM
10310B,N,O,04/07/2026 03:56:16 PM
10311A,N,O,04/07/2026 03:51:55 PM
10311B,N,O,04/07/2026 01:55:36 PM
10312A,N,O,04/07/2026 12:54:36 PM
10312B,N,O,04/07/2026 03:34:10 PM
10316A,N,O,04/07/2026 03:38:42 PM
10316B,N,O,04/07/2026 02:27:08 PM
10317A,N,O,04/07/2026 12:51:29 PM
10317B,N,O,04/07/2026 08:57:44 AM
10318A,N,O,04/07/2026 02:43:22 PM
10318B,N,O,04/07/2026 03:45:36 PM
10319A,N,V,04/07/2026 03:31:46 PM
10319B,N,O,04/07/2026 02:32:30 PM
1031A,N,O,04/07/2026 03:44:54 PM
1031B,N,V,04/07/2026 02:12:25 PM
10320A,N,O,04/06/2026 04:15:02 PM
10320B,N,O,04/07/2026 10:08:42 AM
10322A,N,O,04/07/2026 10:15:47 AM
10323A,N,O,04/07/2026 02:58:32 PM
10323B,N,O,04/07/2026 01:22:42 PM
10325A,N,O,04/07/2026 02:54:00 PM
10325B,N,O,04/07/2026 10:02:50 AM
10326A,N,O,04/07/2026 03:27:44 PM
10326B,N,O,04/07/2026 02:24:44 PM
10327A,N,O,04/07/2026 02:52:12 PM
10327B,N,O,04/07/2026 02:11:09 PM
10328A,N,O,04/07/2026 01:17:57 PM
10328B,N,O,04/07/2026 02:50:04 PM
10329B,N,O,04/07/2026 03:37:12 PM
1032A,N,O,04/07/2026 02:49:15 PM
1032B,N,V,04/07/2026 11:45:12 AM
10330A,N,O,04/07/2026 12:12:07 PM
10331A,N,O,04/07/2026 03:44:31 PM
10331B,N,O,04/07/2026 02:42:03 PM
10332A,N,O,04/07/2026 11:58:17 AM
10332B,N,O,04/07/2026 03:33:21 PM
10333B,N,O,04/07/2026 10:01:40 AM
10334A,N,O,04/07/2026 12:39:03 PM
10334B,N,O,04/07/2026 03:27:01 PM
10335A,N,O,04/07/2026 12:46:44 PM
10335B,N,O,04/07/2026 03:01:32 PM
10336A,N,O,04/07/2026 03:32:15 PM
10336B,N,O,04/07/2026 12:27:02 PM
10337A,N,O,04/07/2026 10:45:38 AM
10337B,N,O,04/07/2026 08:57:57 AM
10338A,N,O,04/07/2026 03:16:04 PM
10338B,N,O,04/07/2026 03:16:34 PM
1033A,N,V,04/07/2026 03:39:25 PM
1033B,N,V,04/07/2026 03:54:58 PM
1034A,N,V,04/07/2026 03:55:42 PM
1034B,N,V,04/07/2026 02:54:10 PM
10350A,N,O,04/07/2026 02:16:03 PM
10350B,N,O,04/07/2026 12:41:40 PM
10351A,N,O,04/07/2026 01:38:58 PM
10351B,N,O,04/07/2026 08:58:52 AM
10352B,N,O,04/07/2026 10:14:08 AM
10358A,N,O,04/07/2026 10:25:45 AM
10358B,N,O,04/07/2026 09:37:39 AM
10359A,N,O,04/07/2026 03:27:10 PM
10359B,N,O,04/07/2026 12:19:22 PM
1035A,N,O,04/07/2026 03:34:26 PM
1035B,N,O,04/07/2026 03:25:38 PM
10362B,N,O,04/02/2026 07:57:44 AM
10364B,N,O,04/07/2026 08:55:48 AM
10365A,N,O,04/07/2026 03:45:17 PM
10365B,N,O,04/07/2026 03:57:31 PM
10369A,N,O,04/07/2026 01:50:31 PM
10369B,N,O,04/07/2026 10:44:19 AM
1036A,N,O,04/07/2026 02:19:50 PM
10371A,N,O,04/07/2026 08:58:48 AM
10372A,N,O,04/07/2026 08:57:47 AM
10372B,N,O,04/07/2026 08:57:47 AM
10373A,N,V,04/07/2026 03:48:45 PM
10373B,N,O,04/07/2026 03:49:53 PM
10374A,N,O,04/07/2026 02:22:57 PM
10374B,N,V,04/07/2026 03:50:51 PM
10376A,N,O,04/07/2026 08:58:50 AM
10376B,N,O,04/07/2026 08:58:54 AM
10377B,N,O,04/07/2026 08:57:52 AM
10378A,N,O,04/07/2026 08:56:45 AM
10378B,N,O,04/07/2026 08:56:45 AM
10379A,N,O,04/07/2026 08:55:53 AM
1037A,N,O,04/07/2026 11:56:23 AM
1037B,N,O,04/07/2026 02:05:38 PM
10380A,N,O,04/07/2026 11:45:12 AM
10380B,N,O,04/07/2026 01:11:12 PM
10381A,N,O,04/07/2026 03:16:58 PM
10381B,N,O,04/07/2026 10:04:57 AM
10382A,N,O,04/07/2026 03:03:23 PM
10382B,N,O,04/07/2026 03:09:24 PM
10383A,N,O,04/07/2026 08:57:01 AM
10383B,N,O,04/07/2026 11:58:50 AM
10384A,N,O,04/07/2026 09:26:32 AM
10384B,N,O,04/07/2026 12:00:34 PM
10387A,N,O,04/07/2026 02:11:25 PM
10387B,N,O,04/07/2026 03:18:27 PM
10389A,N,O,04/07/2026 01:19:13 PM
10389B,N,O,04/07/2026 01:43:35 PM
1038A,N,V,04/07/2026 03:45:05 PM
10390A,N,O,04/07/2026 10:51:30 AM
10390B,N,O,04/07/2026 09:19:28 AM
10391A,N,O,04/07/2026 02:31:22 PM
10391B,N,O,04/07/2026 03:06:30 PM
10392A,N,O,04/07/2026 01:56:54 PM
10392B,N,O,04/07/2026 03:27:33 PM
10393A,N,O,04/07/2026 09:56:48 AM
10394A,N,O,04/07/2026 03:41:40 PM
10394B,N,O,04/07/2026 08:55:44 AM
10395A,N,O,04/07/2026 08:59:48 AM
10396A,N,V,04/07/2026 02:54:16 PM
10396B,N,O,04/07/2026 03:33:22 PM
10397A,N,O,04/07/2026 10:24:15 AM
10397B,N,V,04/07/2026 03:57:24 PM
10398A,N,O,04/07/2026 01:09:07 PM
10398B,N,O,04/07/2026 01:27:49 PM
10399A,N,O,04/07/2026 02:21:22 PM
10399B,N,O,04/07/2026 07:55:45 AM
1039A,N,V,04/07/2026 03:20:46 PM
1039B,N,V,04/07/2026 03:56:51 PM
103A,N,V,04/07/2026 03:57:42 PM
103B,N,O,04/07/2026 03:04:54 PM
10401A,N,O,04/02/2026 09:09:56 PM
10402A,N,V,04/07/2026 03:56:40 PM
10402B,N,O,04/07/2026 03:43:38 PM
10404A,N,O,04/07/2026 03:29:49 PM
10404B,N,O,04/07/2026 02:07:32 PM
10405A,N,O,04/07/2026 10:46:55 AM
10405B,N,O,04/07/2026 03:40:17 PM
10406B,N,O,04/07/2026 08:58:49 AM
10407A,N,O,04/07/2026 08:57:53 AM
10407B,N,O,04/07/2026 08:57:49 AM
10408B,N,O,04/07/2026 03:09:23 PM
10409A,N,V,04/07/2026 03:43:09 PM
10409B,N,O,04/07/2026 01:52:59 PM
10410A,N,O,04/07/2026 01:06:07 PM
10410B,N,V,04/07/2026 03:50:04 PM
10411A,N,O,04/07/2026 02:36:20 PM
10411B,N,O,04/07/2026 11:34:12 AM
10412A,N,O,04/07/2026 11:03:50 AM
10412B,N,O,04/07/2026 02:31:25 PM
10413A,N,O,04/07/2026 02:07:09 PM
10413B,N,O,04/07/2026 02:59:46 PM
10435A,N,O,04/07/2026 08:59:48 AM
10435B,N,O,04/07/2026 03:05:38 PM
10436B,N,O,04/07/2026 09:58:47 AM
1043A,N,V,04/07/2026 03:55:33 PM
1043B,N,V,04/07/2026 03:13:21 PM
1044A,N,O,04/07/2026 03:13:16 PM
1044B,N,V,04/07/2026 03:21:07 PM
10452A,N,O,04/07/2026 03:04:10 PM
10452B,N,V,04/07/2026 03:46:18 PM
10453A,N,O,04/07/2026 01:12:26 PM
10453B,N,O,04/07/2026 03:54:11 PM
10454A,N,O,04/07/2026 03:51:03 PM
10456A,N,O,04/07/2026 08:58:48 AM
10456B,N,O,04/07/2026 02:45:02 PM
10457A,N,O,04/07/2026 08:57:58 AM
10457B,N,O,04/07/2026 12:25:31 PM
10458A,N,O,04/07/2026 11:39:54 AM
10458B,N,O,04/07/2026 03:19:29 PM
1045A,N,V,04/07/2026 02:11:19 PM
10461B,N,O,04/07/2026 08:58:53 AM
10462A,N,O,04/07/2026 02:41:15 PM
10462B,N,O,04/07/2026 09:50:50 AM
10463A,N,O,04/07/2026 08:56:43 AM
10463B,N,O,04/07/2026 08:56:43 AM
10464A,N,O,04/07/2026 08:55:51 AM
10464B,N,O,04/07/2026 11:57:29 AM
10465A,N,O,04/07/2026 10:03:05 AM
10465B,N,O,04/07/2026 08:59:45 AM
10466A,N,O,04/07/2026 11:01:15 AM
10466B,N,O,04/07/2026 08:59:33 AM
10467A,N,O,04/07/2026 12:30:42 PM
10467B,N,O,04/07/2026 03:22:55 PM
10468B,N,O,04/07/2026 02:59:33 PM
1046A,N,O,04/07/2026 03:24:00 PM
1046B,N,V,04/07/2026 03:56:55 PM
10471A,N,O,04/07/2026 08:58:51 AM
10472A,N,O,04/07/2026 08:57:45 AM
10474A,N,O,04/07/2026 02:49:50 PM
10474B,N,O,04/07/2026 03:22:46 PM
10475A,N,O,04/07/2026 08:59:52 AM
10475B,N,O,04/07/2026 02:38:11 PM
10476B,N,O,04/07/2026 08:58:45 AM
1047A,N,O,04/07/2026 03:40:59 PM
1047B,N,V,04/07/2026 03:57:22 PM
10481A,N,O,04/07/2026 01:23:57 PM
10481B,N,O,04/07/2026 02:32:03 PM
10482A,N,O,04/07/2026 12:24:55 PM
10482B,N,O,04/07/2026 03:39:46 PM
10483A,N,O,04/07/2026 08:56:53 AM
10483B,N,O,04/07/2026 09:48:01 AM
10485A,N,O,04/07/2026 01:47:28 PM
10485B,N,O,04/07/2026 12:58:12 PM
10486A,N,O,04/07/2026 02:29:46 PM
10486B,N,O,04/07/2026 10:29:29 AM
10487A,N,O,04/07/2026 02:26:29 PM
10487B,N,O,04/07/2026 03:24:24 PM
10488A,N,O,04/07/2026 10:09:24 AM
10488B,N,O,04/07/2026 08:56:57 AM
10489A,N,V,04/07/2026 11:40:56 AM
10489B,N,O,04/07/2026 02:47:27 PM
1048A,N,O,04/07/2026 03:56:57 PM
1048B,N,O,04/07/2026 03:57:42 PM
10490B,N,O,04/07/2026 12:28:59 PM
10491A,N,O,04/07/2026 08:59:03 AM
10491B,N,O,04/07/2026 11:20:43 AM
10492A,N,O,04/07/2026 08:57:47 AM
10492B,N,O,04/07/2026 08:57:47 AM
10493A,N,O,04/07/2026 01:05:15 PM
10493B,N,O,04/07/2026 08:56:44 AM
10494A,N,O,04/07/2026 12:21:21 PM
10494B,N,O,04/07/2026 09:41:26 AM
10495A,N,O,04/07/2026 12:37:28 PM
10495B,N,O,04/07/2026 03:23:53 PM
10496B,N,O,04/07/2026 01:49:28 PM
1049A,N,V,04/07/2026 03:56:27 PM
1049B,N,O,04/07/2026 03:57:07 PM
104A,N,V,04/07/2026 03:53:32 PM
104B,N,V,04/07/2026 03:00:04 PM
10501A,N,O,04/07/2026 09:48:14 AM
10501B,N,O,04/07/2026 08:58:47 AM
10502A,N,O,04/07/2026 08:57:46 AM
10502B,N,O,04/07/2026 01:19:28 PM
10503A,N,O,04/07/2026 02:34:58 PM
10503B,N,O,04/07/2026 03:28:23 PM
10504A,N,O,04/07/2026 10:26:13 AM
10504B,N,O,04/07/2026 02:36:59 PM
1050A,N,V,04/07/2026 03:46:53 PM
1050B,N,O,04/07/2026 03:56:30 PM
10511A,N,V,04/07/2026 03:42:59 PM
10511B,N,V,04/07/2026 03:57:23 PM
10512A,N,V,04/07/2026 03:42:14 PM
10512B,N,V,04/07/2026 03:56:00 PM
10513B,N,O,04/07/2026 10:26:52 AM
1051A,N,O,04/07/2026 03:56:57 PM
1051B,N,V,04/07/2026 03:20:34 PM
1052A,N,O,04/07/2026 03:55:02 PM
1052B,N,O,04/07/2026 03:01:04 PM
10534A,N,O,04/07/2026 08:55:52 AM
10534B,N,O,04/07/2026 03:07:13 PM
10535A,N,O,04/07/2026 03:51:10 PM
10535B,N,O,04/07/2026 08:59:47 AM
10536A,N,O,04/07/2026 02:40:35 PM
10536B,N,O,04/07/2026 12:57:36 PM
10537A,N,V,04/07/2026 03:50:12 PM
10537B,N,O,04/07/2026 01:44:51 PM
10539A,N,O,04/07/2026 08:55:50 AM
10539B,N,O,04/07/2026 01:35:04 PM
10540A,N,O,04/07/2026 03:51:35 PM
10540B,N,O,04/07/2026 10:02:44 AM
10541A,N,O,04/07/2026 08:58:42 AM
10541B,N,O,04/07/2026 09:57:44 AM
10542A,N,O,04/07/2026 10:02:55 AM
10542B,N,O,04/07/2026 03:00:08 PM
10543A,N,O,04/07/2026 02:55:41 PM
10543B,N,O,04/07/2026 02:19:11 PM
10544A,N,O,04/07/2026 01:32:19 PM
10544B,N,O,04/07/2026 08:55:47 AM
10545A,N,O,04/07/2026 08:59:43 AM
10545B,N,O,04/07/2026 08:59:43 AM
10546A,N,O,04/07/2026 02:04:06 PM
10546B,N,O,04/07/2026 03:13:40 PM
10547A,N,O,04/07/2026 03:25:46 PM
10547B,N,O,04/07/2026 03:42:28 PM
10548A,N,O,04/07/2026 12:55:13 PM
10548B,N,O,04/07/2026 02:35:26 PM
10549A,N,O,04/07/2026 03:19:28 PM
10549B,N,O,04/07/2026 03:33:25 PM
10550A,N,O,04/07/2026 10:29:47 AM
10550B,N,O,04/07/2026 10:29:47 AM
10551A,N,O,04/07/2026 03:36:43 PM
10551B,N,O,04/07/2026 01:14:55 PM
10552A,N,O,04/07/2026 10:27:49 AM
10552B,N,O,04/07/2026 01:22:02 PM
10553A,N,O,04/07/2026 03:25:09 PM
10553B,N,O,04/07/2026 03:23:17 PM
10554A,N,O,04/07/2026 01:45:39 PM
10554B,N,O,04/07/2026 03:54:00 PM
10555A,N,O,04/07/2026 02:42:02 PM
10555B,N,O,04/07/2026 03:46:38 PM
10556A,N,V,04/07/2026 03:57:32 PM
10556B,N,O,04/07/2026 03:36:52 PM
10557A,N,O,04/07/2026 01:52:03 PM
10557B,N,O,04/07/2026 03:54:44 PM
10558A,N,O,04/07/2026 01:48:19 PM
10558B,N,O,04/07/2026 03:19:30 PM
10581A,N,O,04/07/2026 08:58:53 AM
10581B,N,O,04/07/2026 11:06:04 AM
10582A,N,O,04/07/2026 03:49:45 PM
10582B,N,O,04/07/2026 02:15:48 PM
10583A,N,O,04/07/2026 03:46:00 PM
10583B,N,O,04/07/2026 01:41:37 PM
10584A,N,O,04/07/2026 02:17:15 PM
10585A,N,O,04/07/2026 08:59:48 AM
10585B,N,O,04/07/2026 02:49:26 PM
105A,N,V,04/07/2026 02:52:26 PM
105B,N,V,04/07/2026 03:21:03 PM
10600A,N,O,04/07/2026 11:07:18 AM
10601A,N,O,04/07/2026 03:57:30 PM
10601B,N,O,04/07/2026 01:31:23 PM
10602A,N,O,04/07/2026 09:57:58 AM
10602B,N,V,04/07/2026 02:26:46 PM
10605A,N,O,04/07/2026 03:30:06 PM
10605B,N,O,04/07/2026 03:25:20 PM
10606A,N,O,04/07/2026 03:32:18 PM
10606B,N,O,04/07/2026 01:58:33 PM
10607B,N,O,04/07/2026 02:33:53 PM
10608A,N,O,04/07/2026 09:56:50 AM
10610B,N,O,04/07/2026 09:59:44 AM
10616A,NU,V,04/06/2026 09:20:21 PM
10616B,NU,O,04/06/2026 07:04:33 PM
10617B,N,O,04/07/2026 03:53:42 PM
10618A,NU,V,04/06/2026 08:59:56 PM
10619B,NU,O,04/06/2026 07:00:44 PM
10620A,NU,V,04/05/2026 08:20:48 PM
10621B,NU,V,04/04/2026 09:19:38 PM
10622B,N,O,04/07/2026 03:44:51 PM
10623A,N,V,04/07/2026 02:32:53 PM
10623B,N,O,04/07/2026 12:37:52 PM
10624A,N,O,04/07/2026 12:28:46 PM
10624B,N,O,04/07/2026 03:24:19 PM
10625A,N,O,04/07/2026 03:15:34 PM
10625B,N,V,04/07/2026 10:45:33 AM
10626A,N,O,04/07/2026 12:45:55 PM
10626B,N,O,04/07/2026 11:12:08 AM
10628A,N,O,04/07/2026 09:56:54 AM
10628B,N,O,04/07/2026 02:04:23 PM
10629A,N,O,04/07/2026 09:56:33 AM
10637A,N,O,04/07/2026 01:29:17 PM
10637B,N,O,04/07/2026 02:00:18 PM
10638A,N,O,04/07/2026 01:25:54 PM
10638B,N,O,04/07/2026 12:50:33 PM
10639A,N,O,04/07/2026 03:15:34 PM
10639B,N,O,04/07/2026 03:15:43 PM
10642A,N,O,04/07/2026 02:58:29 PM
10642B,N,O,04/07/2026 01:03:57 PM
10643A,N,O,04/07/2026 01:02:04 PM
10643B,N,O,04/07/2026 07:17:24 AM
1064A,N,O,04/07/2026 02:11:55 PM
1064B,N,O,04/07/2026 08:55:45 AM
10650A,NU,O,04/06/2026 08:48:44 PM
10650B,NU,V,04/06/2026 09:08:29 PM
10661A,N,O,04/07/2026 11:02:41 AM
10661B,N,O,04/07/2026 01:56:31 PM
10662A,N,O,04/07/2026 03:42:25 PM
10662B,N,O,04/07/2026 03:10:42 PM
10663A,N,O,04/07/2026 02:54:14 PM
10663B,N,O,04/07/2026 12:48:59 PM
10664A,N,O,04/07/2026 08:56:14 AM
10664B,N,O,04/07/2026 02:11:11 PM
1067A,N,O,04/07/2026 03:35:20 PM
1067B,N,O,04/07/2026 03:29:01 PM
1068A,N,O,04/07/2026 08:57:18 AM
1068B,N,O,04/07/2026 03:26:37 PM
10691A,N,O,04/07/2026 02:28:03 PM
10691B,N,O,04/07/2026 02:18:04 PM
10696A,N,O,04/07/2026 02:58:47 PM
10696B,N,O,04/07/2026 09:52:59 AM
10697A,N,O,04/07/2026 02:56:06 PM
10697B,N,O,04/07/2026 08:57:49 AM
10698A,N,O,04/07/2026 02:45:25 PM
10698B,N,O,04/06/2026 10:05:05 AM
10699A,N,O,04/07/2026 03:39:07 PM
10699B,N,O,04/07/2026 01:38:13 PM
1069A,N,O,04/07/2026 03:31:19 PM
1069B,N,O,04/07/2026 03:10:08 PM
106A,N,V,04/07/2026 03:56:55 PM
106B,N,V,04/07/2026 03:57:12 PM
10701A,NU,O,04/06/2026 07:24:16 PM
10701B,NU,O,04/06/2026 08:01:34 PM
10724B,N,O,04/07/2026 03:19:04 PM
10725A,N,O,04/07/2026 03:27:53 PM
10725B,N,O,04/07/2026 02:43:48 PM
10729A,N,V,04/07/2026 03:57:17 PM
10729B,N,O,04/07/2026 02:30:36 PM
10730B,N,O,04/07/2026 03:45:32 PM
10731A,N,O,04/07/2026 01:51:20 PM
10731B,N,O,04/07/2026 12:44:50 PM
10745A,N,O,04/02/2026 06:59:47 AM
10745B,N,O,04/02/2026 03:32:19 PM
10746A,N,O,04/02/2026 08:17:50 PM
10746B,N,O,04/02/2026 07:39:06 PM
10751A,N,O,04/07/2026 03:28:42 PM
10751B,N,O,04/07/2026 08:58:44 AM
10752A,N,V,04/07/2026 03:37:38 PM
10752B,N,O,04/07/2026 08:57:43 AM
10753A,N,O,04/07/2026 10:58:38 AM
10753B,N,O,04/07/2026 08:56:50 AM
10754A,N,O,04/07/2026 08:56:59 AM
10754B,N,O,04/07/2026 08:56:06 AM
10755A,N,O,04/07/2026 03:57:41 PM
10755B,N,O,04/07/2026 03:08:25 PM
10756A,N,O,04/07/2026 02:56:38 PM
10757A,N,O,04/07/2026 03:40:23 PM
10757B,N,O,04/07/2026 02:12:24 PM
10758B,N,O,08/08/2025 06:34:38 PM
10759A,N,O,04/07/2026 02:09:47 PM
10759B,N,O,04/07/2026 03:40:16 PM
10760A,N,O,04/07/2026 08:59:50 AM
10760B,N,O,04/07/2026 03:29:56 PM
10761A,N,V,04/07/2026 03:56:42 PM
10761B,N,O,04/07/2026 03:26:48 PM
10762B,N,O,04/07/2026 08:57:53 AM
10763A,N,O,04/07/2026 12:48:48 PM
10763B,N,O,04/07/2026 01:44:52 PM
10764A,N,O,04/07/2026 01:39:45 PM
10764B,N,O,04/07/2026 01:19:46 PM
10765A,N,O,04/07/2026 11:38:14 AM
10765B,N,O,04/07/2026 12:18:31 PM
10766A,N,O,04/07/2026 09:57:53 AM
10766B,N,O,04/07/2026 10:04:47 AM
107A,N,O,04/07/2026 03:35:18 PM
10805A,N,O,04/07/2026 09:25:00 AM
10805B,N,O,04/07/2026 09:00:41 AM
10806A,N,O,04/07/2026 08:59:08 AM
10806B,N,O,04/07/2026 08:58:48 AM
10807A,N,V,04/07/2026 03:57:39 PM
10807B,N,O,04/07/2026 08:57:41 AM
10808A,N,O,04/07/2026 08:56:51 AM
10808B,N,O,04/07/2026 08:56:54 AM
10809A,N,O,04/07/2026 03:38:35 PM
10809B,N,O,04/07/2026 08:55:50 AM
10810A,N,O,04/07/2026 03:36:39 PM
10810B,N,O,04/07/2026 03:41:40 PM
10811A,N,O,04/07/2026 02:30:40 PM
10811B,N,O,04/07/2026 03:56:07 PM
10812A,N,O,04/07/2026 12:07:32 PM
10812B,N,O,04/07/2026 03:39:58 PM
10813A,N,O,04/07/2026 02:44:38 PM
10813B,N,O,04/07/2026 03:57:43 PM
10814A,N,V,04/07/2026 03:56:45 PM
10814B,N,O,04/07/2026 03:49:07 PM
10815A,N,O,04/02/2026 06:24:00 PM
10815B,N,O,04/02/2026 11:22:10 PM
10816A,N,V,04/02/2026 01:04:45 PM
10816B,N,V,04/02/2026 06:54:47 PM
10820A,N,V,04/02/2026 06:58:03 PM
10820B,N,O,04/02/2026 04:09:12 PM
10821B,NU,V,12/04/2024 08:59:29 AM
10822A,NU,V,01/27/2026 04:12:34 PM
10822B,NU,V,01/27/2026 04:12:34 PM
10823A,NU,O,12/04/2024 06:56:44 AM
10823B,NU,O,12/04/2024 06:56:51 AM
10824A,NU,O,12/04/2024 08:47:13 AM
10824B,NU,V,12/04/2024 08:58:00 AM
10825A,NU,O,05/28/2025 04:29:02 PM
10825B,N,V,04/02/2026 08:46:33 AM
10826A,NU,V,01/27/2026 04:10:18 PM
10826B,NU,O,01/27/2026 04:10:18 PM
10827A,NU,V,12/03/2024 10:26:33 PM
10827B,NU,V,12/04/2024 08:49:40 AM
10828A,N,V,04/02/2026 01:57:52 PM
10828B,N,V,04/02/2026 10:23:28 AM
10829A,N,V,04/02/2026 06:44:16 PM
10829B,N,V,04/02/2026 04:54:51 PM
10830A,N,V,04/02/2026 08:41:14 AM
10830B,N,V,04/02/2026 09:39:37 AM
10831A,N,O,04/02/2026 10:39:08 PM
10831B,N,V,04/02/2026 10:38:24 PM
10832A,N,V,04/02/2026 11:52:10 PM
10832B,N,V,04/02/2026 03:40:23 PM
10833A,N,O,04/02/2026 10:27:15 PM
10833B,N,O,04/02/2026 08:40:44 PM
10834A,N,O,04/02/2026 09:38:07 PM
10834B,N,V,04/02/2026 11:58:09 PM
10835A,N,V,04/02/2026 11:54:13 PM
10835B,N,O,04/02/2026 06:12:43 PM
10836A,N,O,04/07/2026 03:05:17 PM
10836B,N,O,04/07/2026 03:25:37 PM
10837A,N,O,04/07/2026 03:40:15 PM
10837B,N,O,04/07/2026 02:45:10 PM
10838A,N,V,04/07/2026 11:44:40 AM
10838B,N,V,04/07/2026 03:54:11 PM
10839A,N,V,09/21/2025 05:09:16 PM
10839B,N,V,09/21/2025 03:59:51 PM
10840A,N,O,04/07/2026 03:25:59 PM
10840B,N,O,04/07/2026 03:38:12 PM
108A,N,V,04/07/2026 03:52:41 PM
108B,N,V,04/07/2026 03:51:48 PM
109A,N,V,04/07/2026 02:00:13 PM
10B,NU,V,02/25/2026 11:59:15 PM
11022A,N,O,04/07/2026 08:57:50 AM
11022B,N,V,04/07/2026 03:57:19 PM
11023A,N,V,04/07/2026 03:28:24 PM
11023B,N,V,04/07/2026 03:51:19 PM
11030A,N,O,04/07/2026 03:57:35 PM
11031A,N,O,04/07/2026 03:30:18 PM
11031B,N,O,04/07/2026 01:44:55 PM
11032B,N,O,04/07/2026 09:57:45 AM
11034A,N,O,04/07/2026 09:55:49 AM
11034B,N,O,04/06/2026 10:01:06 AM
11035A,N,O,04/07/2026 09:59:47 AM
11035B,N,O,04/07/2026 10:13:54 AM
11036A,N,O,04/07/2026 08:58:58 AM
11036B,N,O,04/07/2026 03:08:51 PM
11040B,N,O,04/07/2026 09:59:47 AM
11041A,N,O,04/07/2026 09:58:55 AM
11041B,N,O,04/07/2026 10:19:09 AM
11042A,N,V,04/07/2026 03:51:53 PM
11042B,N,O,04/07/2026 03:54:04 PM
11043A,N,O,04/07/2026 03:37:54 PM
11043B,N,O,04/07/2026 03:39:52 PM
11044A,N,O,04/07/2026 08:55:54 AM
11044B,N,O,04/07/2026 11:12:58 AM
11070A,N,O,04/07/2026 10:00:37 AM
11070B,N,O,04/07/2026 11:34:52 AM
11071A,N,O,04/07/2026 02:48:11 PM
11071B,N,O,04/07/2026 03:57:40 PM
11072B,N,O,04/07/2026 02:50:38 PM
11073A,N,O,04/07/2026 10:09:02 AM
11074A,N,O,04/07/2026 03:37:12 PM
11074B,N,O,04/07/2026 01:26:02 PM
11075A,N,O,04/07/2026 11:41:41 AM
11075B,N,V,04/07/2026 11:19:31 AM
11076A,N,O,04/07/2026 09:52:30 AM
11076B,N,O,04/07/2026 11:38:41 AM
11077A,N,O,04/06/2026 08:58:05 AM
11077B,N,O,04/07/2026 08:57:54 AM
11078A,N,O,04/07/2026 01:10:00 PM
11078B,N,O,04/07/2026 11:38:10 AM
11079A,N,V,04/07/2026 03:55:24 PM
11079B,N,O,04/07/2026 09:29:11 AM
11081B,N,O,04/07/2026 02:38:32 PM
11082A,N,O,04/07/2026 03:46:41 PM
11082B,N,O,04/07/2026 02:35:53 PM
11083A,N,O,04/07/2026 03:34:09 PM
11083B,N,O,04/07/2026 01:54:42 PM
11084A,N,O,04/07/2026 03:16:57 PM
11085A,N,O,04/07/2026 08:59:55 AM
11085B,N,O,04/07/2026 03:30:45 PM
11086A,NU,O,04/07/2026 08:58:55 AM
11086B,NU,O,04/07/2026 10:14:20 AM
11087A,N,O,04/07/2026 01:39:39 PM
11087B,N,O,04/07/2026 02:00:20 PM
11088A,N,V,04/07/2026 03:56:09 PM
11088B,N,O,04/07/2026 03:43:05 PM
11089A,N,O,04/07/2026 12:04:39 PM
11089B,N,O,04/07/2026 03:27:04 PM
11090A,N,O,04/07/2026 12:34:55 PM
11090B,N,O,04/07/2026 03:17:34 PM
11091A,N,O,04/07/2026 08:58:53 AM
11091B,N,O,04/07/2026 03:50:25 PM
11092A,N,O,04/07/2026 03:14:32 PM
11092B,N,O,04/07/2026 02:25:07 PM
11093A,N,O,04/07/2026 03:39:02 PM
11093B,N,O,04/07/2026 02:54:12 PM
11094A,N,O,04/07/2026 09:00:24 AM
11094B,N,O,04/07/2026 08:55:44 AM
11095A,N,O,04/06/2026 04:25:29 PM
11095B,N,O,04/07/2026 09:58:06 AM
11096A,N,O,04/07/2026 03:55:50 PM
11096B,N,O,04/07/2026 03:45:16 PM
11097A,N,O,04/07/2026 03:20:02 PM
11097B,N,O,04/07/2026 03:47:51 PM
11098A,N,O,04/07/2026 11:48:17 AM
11098B,N,O,04/07/2026 03:18:03 PM
11099A,N,O,04/07/2026 03:32:13 PM
11099B,N,O,04/07/2026 03:39:36 PM
11100A,N,O,04/07/2026 03:16:42 PM
11100B,N,O,04/07/2026 03:09:04 PM
11101A,N,O,04/07/2026 08:58:56 AM
11101B,N,O,04/07/2026 02:19:15 PM
11102A,N,O,04/07/2026 03:13:49 PM
11102B,N,O,04/07/2026 08:57:52 AM
11103A,N,O,04/07/2026 08:56:48 AM
11103B,N,O,04/07/2026 03:42:34 PM
11104A,N,O,04/07/2026 01:14:31 PM
11104B,N,O,04/07/2026 01:31:12 PM
11105A,N,O,04/07/2026 02:15:27 PM
11105B,N,O,04/07/2026 10:07:47 AM
11106A,N,V,04/07/2026 03:55:57 PM
11106B,N,O,04/07/2026 08:58:44 AM
11107A,N,O,04/07/2026 02:56:11 PM
11110A,N,O,04/07/2026 10:00:49 AM
11110B,N,O,04/07/2026 09:59:47 AM
11111A,N,O,04/07/2026 03:31:11 PM
11111B,N,O,04/07/2026 10:00:40 AM
11112A,N,O,04/07/2026 09:57:46 AM
11112B,N,O,04/07/2026 03:51:03 PM
11113A,N,O,04/07/2026 03:43:56 PM
11113B,N,O,04/07/2026 09:56:46 AM
11114A,N,O,04/07/2026 09:56:11 AM
11114B,N,O,04/07/2026 09:56:11 AM
11116A,N,O,04/07/2026 10:20:51 AM
11116B,N,O,04/07/2026 01:58:03 PM
11117A,N,O,04/07/2026 08:57:49 AM
11117B,N,O,04/07/2026 03:47:47 PM
11118A,N,O,04/07/2026 08:56:46 AM
11119A,N,O,04/07/2026 08:55:43 AM
11119B,N,O,04/07/2026 03:45:05 PM
11120A,N,O,04/07/2026 09:53:19 AM
11120B,N,O,04/07/2026 02:06:31 PM
11121A,N,O,04/07/2026 12:44:55 PM
11121B,N,V,04/07/2026 03:49:28 PM
11122A,N,V,04/07/2026 03:56:30 PM
11122B,N,O,04/07/2026 02:22:00 PM
11127A,N,O,04/07/2026 03:43:53 PM
11127B,N,O,04/07/2026 03:46:59 PM
11128A,N,O,04/07/2026 02:38:14 PM
11128B,N,O,04/07/2026 02:43:36 PM
11129A,N,O,04/07/2026 03:30:00 PM
11129B,N,O,04/07/2026 03:13:14 PM
11130B,N,O,04/07/2026 03:56:07 PM
11131B,N,O,04/07/2026 03:13:17 PM
11132A,N,O,04/07/2026 03:49:03 PM
11132B,N,O,04/07/2026 03:54:17 PM
11133A,N,O,04/07/2026 03:44:48 PM
11134B,N,O,04/07/2026 03:49:11 PM
11135A,N,O,04/07/2026 11:11:24 AM
11135B,N,O,04/07/2026 03:49:16 PM
11136A,N,O,04/07/2026 02:16:04 PM
11136B,N,O,04/07/2026 02:44:15 PM
11137A,N,O,04/07/2026 10:34:04 AM
11137B,N,O,04/07/2026 02:47:11 PM
11138A,N,O,04/07/2026 08:56:53 AM
11138B,N,O,04/07/2026 01:17:09 PM
11139A,N,O,04/07/2026 03:57:14 PM
11139B,N,O,04/07/2026 12:20:39 PM
11140A,N,O,04/07/2026 03:47:09 PM
11140B,N,O,04/07/2026 03:13:06 PM
11141A,N,V,04/07/2026 03:54:52 PM
11141B,N,V,04/07/2026 03:57:23 PM
11142A,N,O,04/07/2026 03:38:47 PM
11142B,N,V,04/07/2026 03:52:21 PM
11143A,N,O,04/07/2026 02:02:47 PM
11143B,N,V,04/07/2026 03:55:41 PM
11144A,N,O,04/07/2026 03:46:53 PM
11144B,N,O,04/07/2026 09:58:41 AM
11145A,N,O,04/07/2026 03:11:32 PM
11145B,N,O,04/07/2026 12:11:57 PM
11146A,N,O,04/07/2026 03:40:09 PM
11146B,N,O,04/07/2026 03:38:13 PM
11147A,N,O,04/07/2026 03:38:16 PM
11147B,N,O,04/07/2026 03:08:16 PM
11149A,N,O,04/07/2026 03:46:27 PM
11149B,N,O,04/07/2026 03:38:05 PM
11150A,N,O,04/07/2026 03:25:59 PM
11150B,N,O,04/07/2026 02:29:43 PM
11151A,N,O,04/07/2026 02:41:10 PM
11151B,N,O,04/07/2026 12:03:29 PM
11152B,N,O,04/07/2026 03:32:14 PM
11153A,N,O,04/07/2026 03:56:23 PM
11153B,N,O,04/07/2026 02:24:00 PM
11155A,N,O,04/07/2026 03:15:42 PM
11155B,N,V,04/07/2026 03:54:37 PM
11156B,N,O,04/07/2026 08:59:19 AM
11157A,N,O,04/07/2026 08:57:47 AM
11158A,N,O,04/07/2026 03:27:28 PM
11158B,N,V,04/07/2026 03:55:49 PM
11159A,N,O,04/07/2026 01:48:32 PM
11159B,N,V,04/07/2026 03:56:49 PM
11160A,N,O,04/07/2026 03:47:54 PM
11160B,N,O,04/07/2026 03:24:20 PM
11165A,N,O,04/07/2026 10:01:54 AM
11166A,N,O,04/07/2026 09:58:48 AM
11166B,N,O,04/07/2026 09:58:48 AM
11167A,N,O,04/07/2026 09:57:54 AM
11167B,N,O,04/07/2026 09:57:54 AM
11168A,N,O,04/07/2026 09:57:47 AM
11168B,N,O,04/07/2026 09:56:53 AM
11169A,N,O,04/07/2026 09:55:48 AM
11169B,N,O,04/07/2026 09:56:11 AM
11171B,N,O,04/07/2026 01:46:40 PM
11172A,N,O,04/07/2026 03:51:40 PM
11172B,N,O,04/07/2026 03:00:04 PM
11173A,N,O,04/07/2026 02:27:43 PM
11173B,N,O,04/07/2026 12:27:32 PM
11174A,N,O,04/07/2026 08:55:43 AM
11174B,N,O,04/07/2026 03:52:34 PM
11175A,N,O,04/07/2026 01:12:02 PM
11175B,N,V,04/07/2026 03:56:54 PM
11176A,N,O,04/07/2026 03:27:55 PM
11176B,N,O,04/07/2026 08:58:51 AM
11177A,N,O,04/07/2026 03:01:03 PM
11177B,N,V,04/07/2026 03:57:42 PM
11178A,N,O,04/07/2026 01:59:32 PM
11178B,N,O,04/07/2026 08:56:43 AM
1117A,N,O,04/07/2026 03:16:56 PM
1117B,N,O,04/07/2026 06:57:42 AM
11181A,NU,O,04/06/2026 08:23:22 PM
11181B,NU,O,04/06/2026 06:00:51 PM
11182A,NU,O,04/06/2026 08:46:53 PM
11182B,NU,O,04/06/2026 06:00:44 PM
11183A,NU,O,04/06/2026 06:00:46 PM
11183B,NU,O,04/06/2026 08:43:11 PM
1118A,N,O,04/07/2026 02:59:37 PM
1118B,N,O,04/07/2026 02:41:48 PM
11191A,N,V,04/07/2026 03:46:30 PM
11191B,N,O,04/07/2026 01:03:49 PM
1119A,N,O,04/07/2026 08:25:51 AM
1119B,N,O,04/07/2026 03:17:36 PM
111A,N,O,04/07/2026 03:57:23 PM
111B,N,V,04/07/2026 03:03:35 PM
11205A,N,O,04/07/2026 03:45:55 PM
11205B,N,V,04/07/2026 03:56:57 PM
11206B,N,O,04/07/2026 03:24:10 PM
11207A,N,O,04/07/2026 02:05:44 PM
11207B,N,V,04/07/2026 03:41:40 PM
11208A,N,O,04/07/2026 03:41:59 PM
11208B,N,O,04/07/2026 03:33:50 PM
11209A,N,V,04/07/2026 03:53:16 PM
11209B,N,O,04/07/2026 01:48:09 PM
11210A,N,O,04/07/2026 03:26:07 PM
11210B,N,O,04/07/2026 03:11:24 PM
11211A,N,O,04/07/2026 02:53:08 PM
11211B,N,O,04/07/2026 11:25:25 AM
11212A,N,O,04/07/2026 01:24:30 PM
11212B,N,O,04/07/2026 02:35:09 PM
112A,N,V,04/07/2026 03:03:05 PM
112B,N,V,04/07/2026 03:32:44 PM
113A,N,O,04/07/2026 08:56:51 AM
113B,N,O,04/07/2026 02:52:53 PM
11500A,N,O,04/07/2026 01:58:00 PM
11500B,N,V,04/07/2026 03:57:30 PM
11501A,N,V,04/07/2026 03:55:59 PM
11501B,N,O,04/07/2026 02:19:22 PM
11502B,N,O,04/07/2026 08:57:59 AM
11504A,N,V,04/07/2026 03:56:35 PM
11504B,N,O,04/07/2026 02:31:25 PM
11505A,N,O,04/07/2026 08:59:47 AM
11505B,N,O,04/07/2026 02:00:35 PM
11506B,N,O,04/07/2026 08:58:43 AM
11507B,N,O,04/07/2026 03:55:39 PM
11508A,N,O,04/06/2026 04:46:40 PM
11508B,N,O,04/07/2026 03:46:34 PM
11509A,N,O,04/07/2026 11:04:46 AM
11509B,N,O,04/07/2026 10:01:14 AM
11582A,N,V,04/07/2026 03:47:33 PM
11583A,N,O,04/07/2026 02:54:39 PM
11583B,N,V,04/07/2026 01:33:40 PM
11584A,N,O,04/07/2026 01:33:52 PM
11584B,N,O,04/07/2026 03:32:48 PM
11585B,N,O,04/07/2026 08:59:45 AM
11593A,N,O,04/07/2026 01:20:02 PM
11593B,N,O,04/07/2026 10:59:16 AM
11594A,N,O,04/07/2026 03:49:46 PM
11595A,N,O,04/07/2026 03:24:50 PM
11595B,N,O,04/07/2026 02:38:52 PM
11596A,N,O,04/07/2026 08:58:45 AM
11596B,N,O,04/07/2026 03:31:03 PM
11597A,N,O,04/07/2026 02:47:30 PM
11597B,N,O,04/07/2026 03:18:03 PM
11598A,N,O,04/07/2026 02:46:07 PM
11598B,N,O,04/07/2026 03:42:45 PM
11599A,N,O,04/07/2026 03:29:21 PM
11599B,N,O,04/07/2026 03:04:20 PM
115A,N,V,04/07/2026 03:06:15 PM
115B,N,O,04/07/2026 01:35:39 PM
11600A,N,O,04/07/2026 11:41:12 AM
11600B,N,O,04/07/2026 03:57:28 PM
11601A,N,O,04/07/2026 01:02:15 PM
11601B,N,O,04/07/2026 12:53:16 PM
11602A,N,O,04/07/2026 08:57:46 AM
11602B,N,O,04/07/2026 08:57:46 AM
11608A,N,O,04/07/2026 03:39:41 PM
11609B,N,O,04/07/2026 12:28:25 PM
11610A,N,O,04/07/2026 01:22:39 PM
11610B,N,O,04/07/2026 08:59:43 AM
11611A,N,O,04/07/2026 10:28:48 AM
11611B,N,O,04/07/2026 12:51:10 PM
11612A,N,O,04/07/2026 08:57:57 AM
11612B,N,O,04/07/2026 12:50:48 PM
11613A,N,O,04/06/2026 08:56:51 AM
11613B,N,O,04/07/2026 02:24:11 PM
11614A,N,O,04/07/2026 03:57:31 PM
11614B,N,O,04/07/2026 01:54:12 PM
11615A,NU,O,03/01/2026 07:24:19 PM
11615B,N,O,04/07/2026 08:59:55 AM
11616A,NU,O,03/01/2026 08:58:45 AM
11616B,NU,O,02/28/2026 06:58:42 AM
11617B,N,O,04/07/2026 08:57:57 AM
11618A,N,O,04/07/2026 03:26:47 PM
11618B,N,O,04/07/2026 09:03:49 AM
11619A,N,O,04/07/2026 08:55:49 AM
11625A,N,O,04/07/2026 09:05:14 AM
11626A,N,O,04/07/2026 03:33:17 PM
11626B,N,O,04/07/2026 02:14:25 PM
11627A,N,O,04/07/2026 10:26:22 AM
11627B,N,O,04/07/2026 10:02:03 AM
11655A,N,O,04/07/2026 11:50:52 AM
11655B,N,O,04/07/2026 03:09:33 PM
11656A,N,O,04/07/2026 12:55:26 PM
11656B,N,O,04/07/2026 02:16:10 PM
11657A,N,O,04/07/2026 11:13:13 AM
11657B,N,O,04/07/2026 12:10:38 PM
11658A,N,O,04/07/2026 09:47:32 AM
11658B,N,O,04/07/2026 10:24:19 AM
11659A,N,O,04/07/2026 03:57:24 PM
11659B,N,O,04/07/2026 03:22:54 PM
11660A,N,O,04/07/2026 08:59:56 AM
11660B,N,O,04/07/2026 02:02:24 PM
11661A,N,O,04/07/2026 01:09:45 PM
11661B,N,V,04/07/2026 03:23:43 PM
11662A,N,O,04/07/2026 08:57:50 AM
11662B,N,O,04/07/2026 02:26:46 PM
11663A,N,O,04/07/2026 03:42:29 PM
11663B,N,O,04/07/2026 01:09:05 PM
11671B,N,O,04/07/2026 02:38:29 PM
11672A,N,O,04/07/2026 03:12:47 PM
11672B,N,O,04/07/2026 02:09:11 PM
116A,N,V,04/07/2026 03:56:12 PM
116B,N,O,04/07/2026 03:45:51 PM
1172A,N,V,04/07/2026 03:57:20 PM
1172B,N,O,04/07/2026 10:27:48 AM
1173A,N,O,04/07/2026 03:48:30 PM
1173B,N,O,04/07/2026 03:55:54 PM
1174B,N,O,04/07/2026 03:04:58 PM
1175A,N,O,04/07/2026 03:54:12 PM
1175B,N,O,04/07/2026 02:17:24 PM
1176B,N,O,04/07/2026 02:06:42 PM
117A,N,O,04/07/2026 02:39:15 PM
117B,N,V,04/07/2026 03:29:32 PM
118A,N,V,04/07/2026 03:45:02 PM
118B,N,O,04/07/2026 02:18:26 PM
1199A,N,O,04/07/2026 03:50:55 PM
1199B,N,O,04/07/2026 01:50:11 PM
119A,N,V,04/07/2026 03:26:04 PM
119B,N,O,04/07/2026 03:34:20 PM
11B,NU,O,02/25/2026 10:59:20 PM
12001A,N,O,04/07/2026 03:57:38 PM
12001B,N,V,04/07/2026 03:05:32 PM
12003A,N,O,04/07/2026 09:56:48 AM
12003B,N,O,04/07/2026 09:56:48 AM
12004A,N,O,04/07/2026 12:39:56 PM
12004B,N,O,04/07/2026 02:13:11 PM
12005A,N,O,04/07/2026 01:33:24 PM
12005B,N,O,04/07/2026 01:13:05 PM
12006A,N,O,04/07/2026 11:01:06 AM
1202A,N,O,04/07/2026 03:19:51 PM
1202B,N,O,04/07/2026 10:27:47 AM
12030A,N,O,04/07/2026 03:33:49 PM
12030B,N,O,04/07/2026 08:59:49 AM
12031A,N,O,04/07/2026 10:05:31 AM
12031B,N,O,04/07/2026 02:07:25 PM
12032A,N,O,04/07/2026 01:36:03 PM
12032B,N,O,04/07/2026 01:36:20 PM
12034A,N,V,04/07/2026 03:19:55 PM
12034B,N,O,04/07/2026 02:18:45 PM
12035A,N,O,04/07/2026 03:53:52 PM
12035B,N,V,04/07/2026 03:17:12 PM
12036A,N,O,04/07/2026 03:09:14 PM
12036B,N,O,04/07/2026 03:17:40 PM
12037A,N,O,04/07/2026 03:10:48 PM
12037B,N,V,04/07/2026 03:10:27 PM
12038A,N,O,04/07/2026 02:37:54 PM
12038B,N,O,04/07/2026 02:38:03 PM
12039A,N,O,04/07/2026 11:44:42 AM
12039B,N,O,04/07/2026 03:20:02 PM
1203B,N,O,04/07/2026 03:49:22 PM
12040A,N,V,04/07/2026 03:09:02 PM
12040B,N,O,04/07/2026 12:36:21 PM
12041A,N,O,04/07/2026 12:33:20 PM
12041B,N,V,04/07/2026 03:06:59 PM
12042A,N,V,04/07/2026 03:54:14 PM
12042B,N,V,04/07/2026 03:57:02 PM
12043A,N,O,04/07/2026 03:51:03 PM
12043B,N,V,04/07/2026 03:22:45 PM
12044A,N,O,04/07/2026 12:04:44 PM
12044B,N,V,04/07/2026 03:37:22 PM
12045A,N,V,04/07/2026 03:54:18 PM
12045B,N,V,04/07/2026 03:57:20 PM
12046A,N,O,04/07/2026 03:54:57 PM
12046B,N,O,04/07/2026 02:54:21 PM
12047A,N,V,04/07/2026 03:51:59 PM
12047B,N,O,04/07/2026 08:57:50 AM
12048A,N,V,04/07/2026 03:51:34 PM
12048B,N,V,04/07/2026 03:36:26 PM
12051A,N,O,04/07/2026 11:08:21 AM
12051B,N,O,04/07/2026 08:58:52 AM
12052A,N,O,04/07/2026 02:16:59 PM
12052B,N,O,04/07/2026 03:37:03 PM
12054A,N,O,04/07/2026 03:57:13 PM
12055A,N,O,04/07/2026 03:04:07 PM
12055B,N,V,04/07/2026 11:19:57 AM
12056A,N,O,04/07/2026 12:17:43 PM
12056B,N,O,04/07/2026 03:33:17 PM
12057A,N,V,04/07/2026 11:09:27 AM
12057B,N,O,04/07/2026 02:32:14 PM
12058B,N,O,04/07/2026 10:02:06 AM
12059B,N,O,04/07/2026 02:41:20 PM
12060B,N,O,04/07/2026 08:59:43 AM
12061A,N,O,04/07/2026 03:46:11 PM
12061B,N,V,04/07/2026 03:45:11 PM
12062A,N,O,04/07/2026 03:30:53 PM
12062B,N,V,04/07/2026 03:54:52 PM
12063A,N,O,04/07/2026 10:06:23 AM
12063B,N,O,04/07/2026 08:56:53 AM
12064A,N,V,04/07/2026 03:56:17 PM
12064B,N,V,04/07/2026 03:33:51 PM
12065A,N,O,04/07/2026 03:51:36 PM
12065B,N,V,04/07/2026 03:57:08 PM
12066A,N,O,04/07/2026 03:32:16 PM
12066B,N,O,04/07/2026 01:24:33 PM
12067A,N,O,04/07/2026 03:19:20 PM
12067B,N,O,04/07/2026 03:50:44 PM
12068A,N,O,04/07/2026 03:44:45 PM
12068B,N,O,04/06/2026 08:53:16 PM
12069A,N,O,04/07/2026 03:43:27 PM
12069B,N,O,04/07/2026 12:50:35 PM
12070A,N,O,04/07/2026 12:58:40 PM
12070B,N,O,04/07/2026 03:38:35 PM
12071A,N,O,04/07/2026 08:58:46 AM
12071B,N,O,04/07/2026 03:57:40 PM
12081A,N,O,04/07/2026 10:13:42 AM
12081B,N,O,04/07/2026 08:58:48 AM
12082A,N,O,04/07/2026 03:08:10 PM
12082B,N,O,04/07/2026 02:42:31 PM
12083A,N,O,04/07/2026 08:56:48 AM
12083B,N,O,04/07/2026 02:21:14 PM
12099A,N,O,04/07/2026 01:51:42 PM
12099B,N,O,04/07/2026 03:51:04 PM
120A,N,O,04/07/2026 03:46:08 PM
120B,N,V,04/07/2026 03:40:55 PM
12100A,N,O,04/07/2026 03:27:04 PM
12104A,N,O,04/07/2026 11:18:06 AM
12104B,N,O,04/07/2026 02:58:41 PM
12105A,N,O,04/07/2026 11:56:16 AM
12105B,N,O,04/07/2026 02:51:18 PM
12106A,N,V,04/07/2026 03:53:37 PM
12106B,N,V,04/07/2026 03:53:45 PM
12107A,N,V,04/07/2026 02:35:23 PM
12107B,N,O,04/07/2026 01:54:40 PM
12108A,N,O,04/07/2026 03:48:45 PM
12108B,N,V,04/07/2026 03:57:16 PM
12109A,N,V,04/07/2026 03:35:13 PM
12109B,N,O,04/07/2026 03:57:41 PM
12110A,N,O,04/07/2026 03:51:22 PM
12111A,N,V,04/07/2026 03:13:29 PM
12111B,N,V,04/07/2026 02:26:02 PM
12112A,N,V,04/07/2026 02:29:19 PM
12112B,N,O,04/07/2026 08:57:51 AM
12113A,N,O,04/07/2026 03:54:47 PM
12113B,N,O,04/07/2026 03:37:33 PM
12114A,N,O,04/07/2026 12:44:40 PM
12115A,N,O,04/07/2026 12:36:45 PM
12116A,N,O,04/07/2026 03:08:14 PM
12117A,N,O,04/07/2026 08:57:56 AM
12118B,N,V,04/07/2026 03:42:00 PM
12119A,N,V,04/07/2026 03:40:52 PM
12119B,N,O,04/07/2026 03:12:43 PM
12120A,N,V,04/07/2026 03:51:12 PM
12120B,N,O,04/07/2026 08:59:51 AM
12121A,N,V,04/07/2026 03:47:32 PM
12121B,N,V,04/07/2026 03:57:38 PM
12122A,N,V,04/07/2026 03:52:57 PM
12122B,N,O,04/07/2026 03:52:24 PM
12123A,N,O,04/07/2026 03:21:13 PM
12123B,N,O,04/07/2026 03:57:23 PM
12124A,N,O,04/07/2026 03:12:33 PM
12124B,N,O,04/07/2026 12:52:50 PM
12125A,N,O,04/07/2026 02:40:39 PM
12125B,N,V,04/07/2026 03:48:10 PM
12126A,N,V,04/07/2026 03:56:43 PM
12126B,N,O,04/07/2026 03:22:14 PM
12128A,N,V,04/07/2026 03:49:44 PM
12128B,N,V,04/07/2026 03:01:51 PM
12129A,N,O,04/07/2026 03:57:42 PM
12130A,N,O,04/07/2026 02:32:41 PM
12130B,N,V,04/07/2026 03:57:18 PM
12131A,N,V,04/07/2026 03:56:33 PM
12131B,N,V,04/07/2026 02:25:41 PM
12132A,N,O,04/07/2026 03:49:23 PM
12132B,N,V,04/07/2026 12:26:24 PM
12133A,N,O,04/07/2026 03:56:40 PM
12133B,N,O,04/07/2026 03:42:29 PM
12134A,N,V,04/07/2026 03:30:40 PM
12134B,N,O,04/07/2026 03:56:08 PM
12135A,N,V,04/07/2026 03:56:53 PM
12135B,N,V,04/07/2026 03:56:53 PM
12136A,N,O,04/07/2026 03:42:19 PM
12136B,N,O,04/07/2026 03:20:40 PM
12137A,N,O,04/07/2026 03:08:38 PM
12137B,N,O,04/07/2026 03:45:58 PM
12139A,N,O,04/07/2026 03:26:24 PM
12139B,N,V,04/07/2026 03:53:15 PM
12140A,N,V,04/07/2026 03:49:01 PM
12140B,N,V,04/07/2026 03:51:05 PM
12141A,N,O,04/07/2026 08:58:44 AM
12142A,N,V,04/07/2026 02:57:33 PM
12142B,N,V,04/07/2026 03:31:01 PM
12143A,N,O,04/07/2026 03:57:04 PM
12143B,N,O,04/07/2026 03:38:50 PM
12144A,N,O,04/07/2026 02:44:25 PM
12144B,N,O,04/07/2026 02:40:54 PM
12145A,N,O,04/07/2026 10:32:46 AM
12145B,N,O,04/07/2026 11:40:05 AM
12148A,N,O,04/07/2026 11:21:33 AM
12148B,N,O,04/07/2026 03:52:18 PM
12149A,N,V,04/07/2026 03:56:08 PM
12149B,N,O,04/07/2026 10:04:23 AM
12151A,N,V,04/07/2026 03:50:26 PM
12151B,N,O,04/07/2026 02:24:35 PM
12152A,N,O,04/07/2026 02:26:00 PM
12152B,N,O,04/07/2026 03:13:30 PM
12153A,N,O,04/07/2026 03:38:30 PM
12153B,N,O,04/07/2026 01:09:46 PM
12154A,N,O,04/07/2026 03:12:35 PM
12154B,N,O,04/07/2026 03:54:21 PM
12155A,N,V,04/07/2026 03:57:30 PM
12155B,N,O,04/07/2026 03:46:26 PM
12156A,N,V,04/07/2026 03:57:02 PM
12156B,N,V,04/07/2026 03:23:56 PM
12157A,N,V,04/07/2026 03:24:27 PM
12157B,N,V,04/07/2026 03:28:05 PM
12158A,N,O,04/07/2026 03:14:17 PM
12158B,N,O,04/07/2026 03:38:03 PM
12159B,N,O,04/07/2026 02:59:28 PM
12160A,N,V,04/07/2026 03:40:22 PM
12160B,N,V,04/07/2026 02:45:27 PM
12161A,N,O,10/25/2025 03:07:40 PM
12161B,N,V,04/07/2026 03:55:46 PM
12162A,N,V,04/07/2026 03:57:29 PM
12162B,N,V,04/07/2026 03:43:18 PM
12163A,N,O,04/07/2026 08:56:46 AM
12163B,N,O,04/07/2026 03:55:52 PM
12164A,N,O,04/07/2026 03:49:54 PM
12164B,N,O,04/07/2026 02:16:15 PM
12165A,N,V,04/07/2026 03:54:54 PM
12165B,N,V,04/07/2026 03:24:32 PM
12166B,N,V,04/07/2026 03:49:59 PM
12167A,N,O,04/07/2026 02:58:37 PM
12167B,N,O,04/07/2026 03:08:23 PM
12169A,N,V,04/07/2026 03:52:28 PM
12169B,N,O,04/07/2026 03:41:40 PM
12170A,N,V,04/07/2026 03:48:37 PM
12170B,N,V,04/07/2026 03:57:30 PM
12171A,N,O,04/07/2026 08:58:48 AM
12173A,N,V,04/07/2026 03:50:19 PM
12173B,N,V,04/07/2026 03:39:43 PM
12174A,N,O,04/07/2026 08:55:43 AM
12174B,N,O,04/07/2026 08:55:43 AM
12175A,N,O,04/07/2026 03:35:33 PM
12175B,N,O,04/07/2026 02:11:40 PM
12176B,N,V,04/07/2026 03:50:09 PM
12177A,N,O,04/07/2026 09:53:24 AM
12177B,N,O,04/07/2026 03:52:59 PM
12179A,N,V,04/07/2026 03:55:08 PM
12179B,N,O,04/07/2026 02:21:02 PM
12180B,N,O,04/07/2026 01:11:06 PM
12182A,N,O,04/07/2026 02:50:53 PM
12182B,N,V,04/07/2026 03:16:20 PM
12183A,N,O,04/07/2026 11:54:47 AM
12183B,N,O,04/07/2026 03:52:02 PM
12184A,N,O,04/07/2026 03:47:12 PM
12184B,N,V,04/07/2026 03:57:29 PM
12186A,N,O,04/07/2026 10:34:23 AM
12187A,N,O,04/07/2026 03:39:19 PM
12187B,N,O,04/07/2026 03:54:22 PM
12188A,N,O,04/07/2026 08:56:52 AM
12188B,N,V,04/07/2026 03:55:15 PM
12189A,N,O,04/07/2026 08:55:46 AM
12190A,N,V,04/07/2026 03:42:00 PM
12190B,N,V,04/07/2026 03:55:33 PM
12191A,N,O,04/07/2026 02:48:06 PM
12191B,N,O,04/07/2026 08:58:49 AM
12192A,N,V,04/07/2026 03:53:38 PM
12193A,N,V,04/07/2026 03:57:04 PM
12193B,N,O,04/07/2026 02:08:56 PM
12194A,N,O,04/07/2026 02:51:26 PM
12195A,N,O,04/07/2026 11:58:55 AM
12195B,N,O,04/07/2026 03:50:51 PM
12196A,N,V,04/07/2026 03:57:31 PM
12196B,N,O,04/07/2026 02:13:34 PM
12197B,N,O,04/07/2026 09:57:07 AM
12198A,N,O,04/07/2026 02:16:03 PM
12198B,N,O,04/07/2026 11:33:43 AM
121A,N,V,04/07/2026 03:56:56 PM
121B,N,V,04/07/2026 02:33:57 PM
12202A,N,O,04/07/2026 03:40:22 PM
12202B,N,O,04/07/2026 10:17:09 AM
12203A,N,V,04/07/2026 03:27:32 PM
12203B,N,O,04/07/2026 08:56:49 AM
12204A,N,O,04/07/2026 08:55:52 AM
12204B,N,V,04/07/2026 02:04:34 PM
12205A,N,V,04/07/2026 03:39:34 PM
12211A,N,O,04/07/2026 08:58:49 AM
12211B,N,O,04/07/2026 03:51:31 PM
12212A,N,V,04/07/2026 02:42:08 PM
12212B,N,O,04/07/2026 01:42:24 PM
122B,N,V,04/07/2026 03:52:02 PM
12370A,N,O,04/07/2026 02:40:54 PM
12371A,N,O,04/06/2026 08:28:49 AM
12371B,N,O,04/07/2026 01:44:11 PM
12374A,N,O,04/07/2026 02:34:49 PM
12374B,N,O,04/07/2026 02:14:33 PM
12375A,N,O,04/07/2026 08:59:48 AM
12375B,N,O,04/07/2026 03:37:00 PM
12376A,N,O,04/07/2026 09:10:49 AM
12376B,N,O,04/07/2026 12:18:03 PM
12377A,N,O,04/07/2026 11:54:21 AM
12377B,N,O,04/07/2026 03:19:47 PM
12378A,N,O,04/07/2026 01:39:59 PM
12378B,N,V,04/07/2026 03:48:54 PM
12379A,N,O,04/07/2026 02:48:35 PM
12379B,N,O,04/07/2026 01:17:45 PM
12385A,N,O,04/07/2026 08:59:42 AM
12385B,N,O,04/07/2026 11:48:03 AM
12388A,N,V,04/07/2026 03:57:41 PM
12388B,N,V,04/07/2026 03:57:41 PM
12391A,N,O,04/07/2026 03:12:29 PM
12392A,N,O,04/07/2026 03:50:24 PM
12392B,N,O,04/07/2026 03:57:37 PM
12431A,N,O,04/07/2026 08:28:48 AM
12431B,N,O,04/07/2026 08:28:55 AM
12432B,N,V,04/07/2026 03:53:28 PM
12433A,N,O,04/07/2026 08:26:52 AM
12433B,N,O,04/07/2026 08:26:48 AM
12434A,N,O,04/06/2026 03:16:57 PM
12434B,N,V,04/07/2026 03:43:44 PM
12435A,N,O,04/07/2026 03:26:11 PM
12437B,N,V,04/07/2026 03:50:52 PM
12440A,N,O,04/07/2026 09:12:52 AM
12440B,N,O,04/07/2026 12:13:59 PM
12441A,N,O,04/07/2026 08:28:48 AM
12441B,N,O,04/07/2026 03:40:11 PM
12442A,N,V,04/07/2026 03:57:12 PM
12443B,N,O,04/07/2026 08:50:41 AM
12461A,N,O,04/07/2026 03:04:42 PM
12461B,N,O,04/07/2026 10:28:50 AM
12462B,N,O,04/07/2026 03:23:28 PM
12467A,N,O,04/07/2026 10:17:10 AM
12468A,N,O,04/07/2026 02:09:26 PM
12468B,N,O,04/07/2026 03:23:53 PM
12469A,N,O,04/07/2026 01:45:20 PM
12469B,N,O,04/07/2026 03:13:51 PM
12470A,N,O,04/07/2026 03:51:05 PM
12470B,N,O,04/07/2026 02:51:07 PM
12471A,N,O,04/07/2026 03:30:11 PM
12471B,N,V,04/07/2026 03:55:27 PM
12481A,N,V,04/07/2026 03:51:53 PM
12481B,N,V,04/07/2026 03:07:44 PM
12482A,N,O,04/07/2026 03:51:26 PM
12482B,N,O,04/07/2026 01:39:30 PM
12490A,N,O,04/07/2026 02:09:32 PM
12490B,N,O,04/07/2026 02:56:28 PM
12491A,N,O,04/07/2026 09:58:48 AM
12491B,N,O,04/07/2026 02:32:18 PM
12492A,N,O,04/07/2026 02:15:04 PM
12492B,N,O,04/07/2026 01:42:04 PM
12493A,N,O,04/07/2026 06:56:50 AM
12493B,N,V,04/07/2026 01:35:49 PM
12494A,N,O,04/07/2026 02:47:15 PM
12495A,N,V,04/07/2026 03:41:38 PM
12495B,N,O,04/07/2026 03:01:31 PM
12496B,N,O,04/07/2026 12:06:30 PM
12498A,N,V,04/07/2026 03:51:35 PM
12499A,N,V,04/07/2026 03:56:51 PM
12499B,N,O,04/07/2026 11:39:34 AM
124A,N,O,04/07/2026 02:22:28 PM
124B,N,O,04/07/2026 02:12:49 PM
12501A,N,O,04/07/2026 03:53:12 PM
12501B,N,V,04/07/2026 03:55:43 PM
12502A,N,O,04/07/2026 03:26:09 PM
12502B,N,V,04/07/2026 03:27:55 PM
12503B,N,O,04/07/2026 03:48:58 PM
12504A,N,V,04/07/2026 03:53:59 PM
12504B,N,O,04/07/2026 10:40:15 AM
12505A,N,O,04/07/2026 11:17:22 AM
12505B,N,O,04/07/2026 01:11:55 PM
12506A,N,O,04/07/2026 06:58:47 AM
12506B,N,O,04/06/2026 11:45:40 AM
12508A,N,V,04/07/2026 03:13:24 PM
12508B,N,O,04/07/2026 06:56:46 AM
12509A,N,O,04/07/2026 11:08:24 AM
12509B,N,O,04/07/2026 01:39:43 PM
12510A,N,O,04/07/2026 03:13:50 PM
12510B,N,O,04/07/2026 03:55:24 PM
1251A,N,O,04/07/2026 03:36:27 PM
1251B,N,O,04/07/2026 02:51:22 PM
1252A,N,O,04/07/2026 10:27:46 AM
1252B,N,O,04/07/2026 03:57:37 PM
12530A,N,O,04/07/2026 03:44:05 PM
12530B,N,O,04/07/2026 09:45:50 AM
12531A,N,V,04/07/2026 03:57:09 PM
12531B,N,O,04/07/2026 03:40:20 PM
12532A,N,O,04/07/2026 03:13:43 PM
12532B,N,O,04/07/2026 02:12:17 PM
1253A,N,O,04/07/2026 03:54:26 PM
1253B,N,V,04/07/2026 03:48:12 PM
1254A,N,O,04/07/2026 03:47:34 PM
12580A,N,V,04/07/2026 02:51:04 PM
12580B,N,O,04/07/2026 01:16:42 PM
12581A,N,O,04/07/2026 03:11:28 PM
12581B,N,O,04/07/2026 12:09:43 PM
12582A,N,O,04/07/2026 10:02:47 AM
12582B,N,O,04/07/2026 03:08:53 PM
12583A,N,V,04/07/2026 03:26:28 PM
12583B,N,O,04/07/2026 10:40:08 AM
12585A,N,V,04/07/2026 03:36:32 PM
12585B,N,O,04/07/2026 09:59:50 AM
12586A,N,O,04/07/2026 03:28:26 PM
12586B,N,O,04/07/2026 11:11:18 AM
12587A,N,O,04/07/2026 03:57:29 PM
12587B,N,V,04/07/2026 03:43:59 PM
1258B,N,V,04/07/2026 02:34:19 PM
12597A,N,O,04/07/2026 02:32:41 PM
12597B,N,O,04/07/2026 03:26:33 PM
12598A,N,O,04/07/2026 01:28:31 PM
12598B,N,O,04/07/2026 03:54:54 PM
12599A,N,V,04/07/2026 03:35:22 PM
12599B,N,O,04/07/2026 03:21:42 PM
1259A,N,V,04/07/2026 03:53:26 PM
1259B,N,O,04/07/2026 03:57:34 PM
125A,N,O,04/07/2026 08:59:44 AM
125B,N,O,04/07/2026 03:38:45 PM
12600B,N,O,04/07/2026 03:57:35 PM
12601A,N,V,04/07/2026 03:56:25 PM
12601B,N,V,04/07/2026 03:57:42 PM
12602A,N,O,04/07/2026 03:57:37 PM
12602B,N,O,04/07/2026 03:53:19 PM
12603B,N,V,04/07/2026 03:48:03 PM
12606A,N,O,04/07/2026 08:28:48 AM
12606B,N,V,04/07/2026 03:52:25 PM
12607A,N,O,04/07/2026 12:42:22 PM
12607B,N,O,04/07/2026 08:27:47 AM
12608B,N,O,04/07/2026 02:26:12 PM
12609A,N,O,04/07/2026 03:53:41 PM
12609B,N,O,04/07/2026 08:25:43 AM
1260A,N,O,04/07/2026 03:13:48 PM
1260B,N,O,04/07/2026 03:20:04 PM
12610A,N,O,04/07/2026 08:29:46 AM
12610B,N,O,04/07/2026 03:43:59 PM
12611A,N,O,04/07/2026 08:28:52 AM
12611B,N,O,04/07/2026 03:08:29 PM
12612A,N,O,04/07/2026 08:27:50 AM
12612B,N,O,04/07/2026 08:27:42 AM
12613B,N,O,04/07/2026 12:49:53 PM
12614A,N,V,04/07/2026 02:26:37 PM
12614B,N,V,04/07/2026 03:31:49 PM
12615A,N,O,04/07/2026 03:29:00 PM
12615B,N,O,04/07/2026 03:29:29 PM
12616A,N,V,04/07/2026 03:57:02 PM
12616B,N,V,04/07/2026 03:57:02 PM
12617B,N,O,04/07/2026 03:40:32 PM
12618A,N,O,04/07/2026 01:38:02 PM
12618B,N,V,04/07/2026 03:09:25 PM
12619A,N,O,04/07/2026 03:57:28 PM
12619B,N,O,04/07/2026 01:39:24 PM
12620A,N,V,04/07/2026 03:28:13 PM
12620B,N,O,04/07/2026 02:04:03 PM
12623A,N,O,04/07/2026 07:27:12 AM
12623B,N,O,04/07/2026 07:26:49 AM
12624A,N,O,04/07/2026 02:26:57 PM
12624B,N,O,04/07/2026 03:34:28 PM
12625A,N,O,04/07/2026 03:12:12 PM
12625B,N,O,04/07/2026 03:55:18 PM
12626A,N,O,04/07/2026 07:28:48 AM
12626B,N,O,04/07/2026 07:28:59 AM
12627A,N,V,04/07/2026 02:23:43 PM
12627B,N,V,04/07/2026 03:56:47 PM
12628A,N,O,04/07/2026 07:26:48 AM
12628B,N,V,04/07/2026 03:55:45 PM
12629A,N,V,04/07/2026 03:56:30 PM
12629B,N,V,04/07/2026 03:17:50 PM
12630A,N,V,04/07/2026 02:37:20 PM
12630B,N,O,04/07/2026 07:29:43 AM
12631A,N,O,04/07/2026 07:28:52 AM
12631B,N,O,04/07/2026 07:28:56 AM
12632A,N,O,04/07/2026 07:28:03 AM
12632B,N,O,04/07/2026 07:27:46 AM
12633A,N,O,04/07/2026 03:57:28 PM
12633B,N,O,04/07/2026 02:47:39 PM
12634A,N,O,04/07/2026 03:57:02 PM
12634B,N,O,04/07/2026 03:02:42 PM
12635A,N,O,04/07/2026 07:29:45 AM
12635B,N,V,04/07/2026 03:56:12 PM
12636A,N,O,04/07/2026 03:10:16 PM
12636B,N,V,04/07/2026 03:44:44 PM
12637A,N,V,04/07/2026 03:57:37 PM
12637B,N,O,04/07/2026 03:50:53 PM
12640A,N,O,04/07/2026 01:51:58 PM
12640B,N,O,04/07/2026 02:16:36 PM
12641A,N,O,04/07/2026 03:33:25 PM
12643A,N,O,04/06/2026 07:26:58 PM
12644A,N,O,04/06/2026 10:26:10 PM
12644B,N,O,04/06/2026 07:25:48 PM
12645A,N,V,04/07/2026 03:56:09 PM
12645B,N,V,04/07/2026 03:52:08 PM
12646A,N,O,04/07/2026 03:35:14 PM
12646B,N,V,04/07/2026 03:34:10 PM
12647A,N,V,04/07/2026 03:55:10 PM
12647B,N,O,04/07/2026 03:40:57 PM
12648A,N,V,04/07/2026 03:56:38 PM
12648B,N,O,04/07/2026 12:25:35 PM
12649A,N,V,04/07/2026 03:10:24 PM
12649B,N,V,04/07/2026 03:51:06 PM
12650A,N,O,04/07/2026 03:57:40 PM
12650B,N,V,04/07/2026 12:40:20 PM
12651A,N,V,04/07/2026 03:54:08 PM
12651B,N,O,04/07/2026 08:58:51 AM
12652A,N,V,04/07/2026 03:21:56 PM
12652B,N,O,04/07/2026 03:57:23 PM
12653A,N,V,04/07/2026 03:34:15 PM
12653B,N,V,04/07/2026 10:43:14 AM
12654A,N,V,04/07/2026 12:08:56 PM
12654B,N,V,04/07/2026 11:18:30 AM
12655A,N,V,04/07/2026 01:07:52 PM
12655B,N,V,04/07/2026 10:02:03 AM
12656A,N,V,04/07/2026 03:43:56 PM
12656B,N,O,04/07/2026 03:56:23 PM
12657A,N,V,04/07/2026 10:45:02 AM
12657B,N,V,04/07/2026 02:09:55 PM
12658A,N,O,04/07/2026 03:42:04 PM
12658B,N,O,04/07/2026 02:01:31 PM
12659A,N,V,04/07/2026 03:57:24 PM
12659B,N,O,04/07/2026 09:56:01 AM
12660A,N,O,04/07/2026 03:51:49 PM
12661A,N,O,04/06/2026 10:29:45 AM
12661B,N,O,04/07/2026 03:35:46 PM
12662A,N,O,04/07/2026 10:27:48 AM
12662B,N,O,04/07/2026 03:56:53 PM
12663A,N,O,04/07/2026 12:28:59 PM
12663B,N,O,04/07/2026 02:49:13 PM
12664A,N,O,04/07/2026 03:40:48 PM
12664B,N,O,04/07/2026 03:52:19 PM
12665A,N,O,04/07/2026 02:14:55 PM
12665B,N,O,04/07/2026 02:33:07 PM
12666A,N,V,04/07/2026 03:39:47 PM
12666B,N,O,04/07/2026 12:40:41 PM
12667A,N,V,04/07/2026 03:57:40 PM
12667B,N,V,04/07/2026 03:57:22 PM
12668A,N,V,04/07/2026 03:44:54 PM
12668B,N,O,04/07/2026 03:31:39 PM
12669A,N,V,04/07/2026 03:35:55 PM
12669B,N,O,04/07/2026 02:47:18 PM
1266A,N,V,04/07/2026 03:53:54 PM
1266B,N,O,04/07/2026 03:38:57 PM
12670A,N,O,04/07/2026 03:44:29 PM
12670B,N,O,04/07/2026 02:31:39 PM
12671A,N,O,04/07/2026 03:23:54 PM
12671B,N,O,04/07/2026 03:04:08 PM
12672A,N,O,04/07/2026 12:11:58 PM
12672B,N,V,04/07/2026 03:54:42 PM
12673A,N,O,04/07/2026 02:29:46 PM
12673B,N,O,04/07/2026 03:03:47 PM
12674A,N,O,04/07/2026 03:18:51 PM
12674B,N,O,04/07/2026 09:55:45 AM
12675A,N,O,04/07/2026 02:43:42 PM
12675B,N,O,04/07/2026 03:21:08 PM
12676B,N,O,04/07/2026 03:03:22 PM
12677A,N,O,04/07/2026 09:57:44 AM
12677B,N,O,04/07/2026 09:57:44 AM
12678A,N,O,04/07/2026 02:48:03 PM
12678B,N,O,04/07/2026 09:57:41 AM
12679A,N,O,04/07/2026 02:05:15 PM
12679B,N,O,04/07/2026 09:55:48 AM
1267A,N,O,04/07/2026 03:21:11 PM
1267B,N,V,04/07/2026 03:31:51 PM
12680A,N,O,04/07/2026 08:47:19 AM
12680B,N,V,04/07/2026 03:57:32 PM
12681A,N,O,04/07/2026 07:58:55 AM
12681B,N,O,04/07/2026 07:58:48 AM
12685A,N,O,04/07/2026 12:53:57 PM
12685B,N,V,04/07/2026 03:19:25 PM
12686A,N,O,04/07/2026 03:19:29 PM
12686B,N,O,04/07/2026 03:08:35 PM
12687A,N,O,04/07/2026 10:21:16 AM
12687B,N,V,04/07/2026 03:07:03 PM
12688A,N,O,04/07/2026 02:33:26 PM
12688B,N,O,04/07/2026 03:13:29 PM
12689A,N,O,04/07/2026 11:35:56 AM
12689B,N,V,04/07/2026 03:56:20 PM
1268A,N,O,04/07/2026 03:52:22 PM
1268B,N,O,04/07/2026 03:52:22 PM
12690A,N,O,04/07/2026 03:38:06 PM
12690B,N,O,04/07/2026 10:09:34 AM
12691A,N,O,04/07/2026 03:56:10 PM
12691B,N,O,04/07/2026 03:40:17 PM
1269A,N,O,04/07/2026 03:50:57 PM
1269B,N,O,04/07/2026 03:15:56 PM
126B,N,O,04/07/2026 02:39:53 PM
12701A,N,V,04/07/2026 03:32:15 PM
12701B,N,O,04/07/2026 03:03:56 PM
12702A,N,O,04/07/2026 02:03:05 PM
12702B,N,O,04/07/2026 03:23:13 PM
12703A,N,O,04/07/2026 11:31:08 AM
12703B,N,V,04/07/2026 03:55:52 PM
12704A,N,O,04/07/2026 02:26:51 PM
12704B,N,O,04/07/2026 03:21:12 PM
12705A,N,O,04/07/2026 03:21:18 PM
12705B,N,O,04/07/2026 03:56:07 PM
12706A,N,O,04/07/2026 03:41:04 PM
12706B,N,V,04/07/2026 03:45:03 PM
12707B,N,O,04/07/2026 03:19:19 PM
12708A,N,O,04/07/2026 03:33:09 PM
12708B,N,V,04/07/2026 03:46:06 PM
12709A,N,O,04/07/2026 03:32:58 PM
12709B,N,V,04/07/2026 03:53:59 PM
1270A,N,O,04/07/2026 02:36:39 PM
1270B,N,V,04/07/2026 03:52:28 PM
12710A,N,O,04/07/2026 02:01:55 PM
12710B,N,O,04/07/2026 02:45:50 PM
12711A,N,O,04/07/2026 02:47:34 PM
12711B,N,O,04/07/2026 12:45:00 PM
12712A,N,V,04/07/2026 03:49:32 PM
12712B,N,O,04/07/2026 03:18:04 PM
12713A,N,V,04/07/2026 03:45:43 PM
12713B,N,O,04/07/2026 03:57:22 PM
12714A,N,O,04/07/2026 10:25:43 AM
12714B,N,V,04/07/2026 03:28:32 PM
12715A,N,O,04/07/2026 03:51:54 PM
12715B,N,O,04/07/2026 03:00:34 PM
12716A,N,O,04/07/2026 02:14:00 PM
12716B,N,O,04/07/2026 01:43:54 PM
12717A,N,O,04/07/2026 01:05:35 PM
12717B,N,O,04/07/2026 03:45:45 PM
12718A,N,O,04/07/2026 01:22:06 PM
12718B,N,O,04/07/2026 03:22:25 PM
12719A,N,O,04/07/2026 03:51:04 PM
12719B,N,O,04/07/2026 02:12:26 PM
1271A,N,O,04/07/2026 03:34:11 PM
1271B,N,V,04/07/2026 03:43:47 PM
12720A,N,O,04/07/2026 09:59:52 AM
12720B,NU,O,04/07/2026 12:36:56 PM
1272A,N,O,04/07/2026 03:42:59 PM
1272B,N,V,04/07/2026 03:38:02 PM
1273A,N,O,04/07/2026 03:29:40 PM
1273B,N,O,04/07/2026 03:31:25 PM
127B,N,O,04/07/2026 03:39:15 PM
1280A,N,O,04/07/2026 01:25:43 PM
1280B,N,O,04/07/2026 03:44:51 PM
1281A,N,V,04/07/2026 03:44:12 PM
1281B,N,V,04/07/2026 03:44:19 PM
1282A,N,O,04/07/2026 12:00:08 PM
1282B,N,V,04/07/2026 03:56:46 PM
1283A,N,O,04/07/2026 03:31:05 PM
1283B,N,O,04/07/2026 03:35:31 PM
1284A,N,O,04/07/2026 02:58:25 PM
1284B,N,O,04/07/2026 02:53:59 PM
12A,NU,V,02/25/2026 11:44:33 PM
12B,NU,V,02/25/2026 11:59:52 PM
13001A,N,V,04/07/2026 03:55:24 PM
13001B,N,O,04/07/2026 03:46:04 PM
13002B,N,O,04/07/2026 12:58:34 PM
13003A,N,O,04/07/2026 03:47:38 PM
13003B,N,O,04/07/2026 01:19:53 PM
13004A,N,O,04/07/2026 02:38:07 PM
13004B,N,O,04/07/2026 03:40:25 PM
13005A,N,O,04/07/2026 03:08:05 PM
13005B,N,O,04/07/2026 01:40:16 PM
13006A,N,O,04/07/2026 03:43:38 PM
13006B,N,O,04/07/2026 01:51:29 PM
13007A,N,O,04/07/2026 09:57:54 AM
13007B,N,O,04/07/2026 09:57:50 AM
13008A,N,V,04/07/2026 03:47:43 PM
13008B,N,V,04/07/2026 03:33:41 PM
13009A,N,O,04/07/2026 03:43:18 PM
13009B,N,V,04/07/2026 03:54:22 PM
13010A,N,V,04/07/2026 03:57:31 PM
13010B,N,O,04/07/2026 10:53:07 AM
13011A,N,V,04/07/2026 03:57:44 PM
13011B,N,V,04/07/2026 03:57:10 PM
13012A,N,O,04/07/2026 03:47:10 PM
13012B,N,V,04/07/2026 03:49:41 PM
13013A,N,V,04/07/2026 03:57:38 PM
13013B,N,O,04/07/2026 03:56:58 PM
13014A,N,V,04/07/2026 03:31:50 PM
13014B,N,O,04/07/2026 08:56:01 AM
13015A,N,V,04/07/2026 03:39:39 PM
13015B,N,O,04/07/2026 03:56:59 PM
13016A,N,O,04/07/2026 03:54:27 PM
13016B,N,V,04/07/2026 03:54:31 PM
13017B,N,O,04/07/2026 03:47:05 PM
13018A,N,V,04/07/2026 03:50:23 PM
13018B,N,V,04/07/2026 11:51:28 AM
13019A,N,O,04/07/2026 02:52:31 PM
13019B,N,O,04/07/2026 03:57:35 PM
13020A,N,V,04/07/2026 03:57:14 PM
13020B,N,V,04/07/2026 03:33:13 PM
13021A,N,O,04/07/2026 01:15:48 PM
13021B,N,O,04/07/2026 02:12:44 PM
13023A,N,V,04/07/2026 03:48:47 PM
13023B,N,V,04/07/2026 03:16:27 PM
13024B,N,V,04/07/2026 03:39:45 PM
13030A,N,V,04/07/2026 03:57:24 PM
13031B,N,V,04/07/2026 01:08:09 PM
13032A,N,V,04/07/2026 09:03:18 AM
13032B,N,V,04/07/2026 03:29:38 PM
13033A,N,O,04/07/2026 03:52:34 PM
13033B,N,V,04/07/2026 03:41:53 PM
13034A,N,O,04/07/2026 08:55:50 AM
13034B,N,O,04/07/2026 12:28:16 PM
13035A,N,O,04/07/2026 03:28:57 PM
13035B,N,V,04/06/2026 01:23:50 PM
13036A,N,V,04/07/2026 03:03:38 PM
13036B,N,V,04/07/2026 03:55:29 PM
13037A,N,O,04/07/2026 03:56:33 PM
13040A,N,V,04/07/2026 03:55:14 PM
13040B,N,O,04/07/2026 03:48:12 PM
13046B,N,O,04/07/2026 03:49:49 PM
13047A,N,O,04/07/2026 11:42:54 AM
13047B,N,O,04/07/2026 03:19:53 PM
13048A,N,O,04/07/2026 03:31:49 PM
13048B,N,O,04/07/2026 02:53:11 PM
13049A,N,O,04/07/2026 03:11:54 PM
13049B,N,V,04/07/2026 02:29:15 PM
13050A,N,V,04/07/2026 03:42:52 PM
13050B,N,O,04/07/2026 03:55:23 PM
13051A,N,V,04/07/2026 03:42:14 PM
13051B,N,V,04/07/2026 02:57:42 PM
13052A,N,V,04/07/2026 03:48:44 PM
13052B,N,V,04/07/2026 03:48:21 PM
13053B,N,V,04/07/2026 10:03:42 AM
13054A,N,V,04/07/2026 11:21:49 AM
13054B,N,V,04/07/2026 03:46:41 PM
13055A,N,V,04/07/2026 10:11:19 AM
13055B,N,V,04/07/2026 03:57:08 PM
13056A,N,V,04/07/2026 02:24:42 PM
13056B,N,V,04/07/2026 02:01:16 PM
13057B,N,O,04/07/2026 12:50:48 PM
13058A,N,V,04/07/2026 03:48:24 PM
13058B,N,O,04/07/2026 02:34:03 PM
13061B,N,O,04/07/2026 03:25:55 PM
13062A,N,V,04/07/2026 03:47:54 PM
13062B,N,V,04/07/2026 03:41:57 PM
13066A,N,O,04/07/2026 02:48:12 PM
13066B,N,O,04/07/2026 03:10:22 PM
13067A,N,V,04/07/2026 03:51:24 PM
13067B,N,V,04/07/2026 01:33:56 PM
13068A,N,V,04/07/2026 03:41:45 PM
13068B,N,O,04/07/2026 03:16:37 PM
13069A,N,V,04/07/2026 03:25:39 PM
13069B,N,O,04/07/2026 02:17:19 PM
13070A,N,V,04/07/2026 03:56:53 PM
13070B,N,V,04/07/2026 03:53:34 PM
13075A,N,O,04/07/2026 08:59:48 AM
13075B,N,O,04/07/2026 01:53:35 PM
13076A,N,O,04/07/2026 01:46:06 PM
13076B,N,V,04/07/2026 03:27:48 PM
13078A,N,O,04/07/2026 08:56:44 AM
13078B,N,O,04/07/2026 08:56:44 AM
13084A,N,V,04/07/2026 03:40:36 PM
13084B,N,V,04/07/2026 03:57:27 PM
13085A,N,V,04/07/2026 03:57:23 PM
13085B,N,O,04/07/2026 08:59:49 AM
13086A,N,V,04/07/2026 02:56:26 PM
13086B,N,V,04/07/2026 03:14:23 PM
13087A,N,O,04/07/2026 03:54:16 PM
13087B,N,V,04/07/2026 03:55:57 PM
13100B,N,O,04/07/2026 08:59:48 AM
13101A,N,V,04/07/2026 02:43:08 PM
13101B,N,V,04/07/2026 12:14:34 PM
13102A,N,V,04/07/2026 03:12:56 PM
13102B,N,V,04/07/2026 03:12:48 PM
13103A,N,V,04/07/2026 01:02:38 PM
13103B,N,O,04/07/2026 01:37:51 PM
13104A,N,O,04/07/2026 03:19:05 PM
13104B,N,V,04/07/2026 03:57:03 PM
13111B,N,O,04/07/2026 12:42:20 PM
13112A,N,O,04/07/2026 03:27:11 PM
13112B,N,O,04/07/2026 03:46:49 PM
13113A,N,O,04/07/2026 03:38:05 PM
13113B,N,O,04/07/2026 03:44:49 PM
13114A,N,O,04/07/2026 03:46:59 PM
13114B,N,O,04/07/2026 02:43:53 PM
13115A,N,V,04/06/2026 09:56:35 PM
13115B,N,O,04/07/2026 03:33:59 PM
13116A,N,O,04/07/2026 02:25:56 PM
13116B,N,O,04/07/2026 03:52:43 PM
13117A,N,O,04/07/2026 03:52:19 PM
13117B,N,O,04/07/2026 02:34:06 PM
13118A,N,O,04/07/2026 02:39:36 PM
13120A,N,O,04/07/2026 10:19:06 AM
13120B,N,O,04/07/2026 03:24:05 PM
13121A,N,O,04/07/2026 03:44:40 PM
13122A,N,O,04/07/2026 08:57:48 AM
13122B,N,O,04/07/2026 02:28:59 PM
13123A,N,O,04/07/2026 02:33:38 PM
13123B,N,O,04/07/2026 03:33:48 PM
13124A,N,O,04/07/2026 08:55:44 AM
13126A,N,O,04/07/2026 12:46:31 PM
13126B,N,O,04/07/2026 08:58:40 AM
13127B,N,O,04/07/2026 08:57:44 AM
13128A,N,O,04/07/2026 02:47:29 PM
13128B,N,O,04/07/2026 11:32:25 AM
13129A,N,O,04/07/2026 02:57:40 PM
13129B,N,V,04/07/2026 03:53:15 PM
13200A,N,O,04/07/2026 03:08:20 PM
13200B,NU,O,04/07/2026 03:04:04 PM
13201A,N,O,04/07/2026 03:23:06 PM
13202A,N,O,04/07/2026 03:37:49 PM
13202B,N,O,04/07/2026 01:47:17 PM
13203A,N,O,04/07/2026 02:22:59 PM
13205A,N,O,04/07/2026 02:58:41 PM
13206A,N,O,04/07/2026 12:54:58 PM
13207A,NU,O,04/06/2026 08:14:47 PM
13207B,NU,V,04/06/2026 08:50:01 PM
13208A,N,O,04/07/2026 03:49:24 PM
13208B,N,O,04/07/2026 02:58:19 PM
13209A,N,O,04/07/2026 11:52:39 AM
13210A,N,O,04/07/2026 03:53:59 PM
13211B,N,O,04/07/2026 08:58:46 AM
13212A,N,O,04/07/2026 03:18:39 PM
13212B,N,O,04/07/2026 02:37:24 PM
13213A,N,O,04/07/2026 03:53:36 PM
13213B,N,V,04/07/2026 02:51:59 PM
13214A,N,O,04/07/2026 02:27:24 PM
13214B,N,O,04/07/2026 02:47:26 PM
13216A,N,O,04/07/2026 03:42:02 PM
13216B,N,V,04/07/2026 03:56:27 PM
13217B,N,V,04/07/2026 03:51:23 PM
13218A,N,V,04/07/2026 03:37:30 PM
13218B,N,V,04/07/2026 03:56:02 PM
13219B,N,O,04/07/2026 03:32:34 PM
13222A,N,O,04/07/2026 03:22:05 PM
13222B,N,O,04/07/2026 03:48:03 PM
13223A,N,O,04/07/2026 03:13:25 PM
13223B,N,O,04/07/2026 08:56:52 AM
13224B,N,O,04/07/2026 03:35:50 PM
13225A,N,O,04/07/2026 03:44:11 PM
13225B,N,O,04/07/2026 03:26:37 PM
13226A,N,O,04/07/2026 03:38:32 PM
13226B,N,O,04/07/2026 03:46:48 PM
13227A,N,O,04/07/2026 12:29:57 PM
13227B,N,O,04/07/2026 01:13:00 PM
13229B,N,O,04/07/2026 03:29:53 PM
13231A,N,V,04/07/2026 03:53:24 PM
13231B,N,O,04/07/2026 08:58:42 AM
13232A,N,O,04/07/2026 02:31:09 PM
13232B,N,V,04/07/2026 03:49:57 PM
13233B,N,O,04/07/2026 08:56:46 AM
13238A,N,V,04/07/2026 03:46:44 PM
13238B,N,V,04/07/2026 03:54:12 PM
13239A,N,O,04/07/2026 02:57:17 PM
13239B,N,O,04/07/2026 03:56:33 PM
13240A,N,O,04/07/2026 02:03:35 PM
13240B,N,O,04/07/2026 02:09:31 PM
13241B,N,O,04/07/2026 08:58:41 AM
13243B,N,O,04/07/2026 12:02:39 PM
13245B,N,O,04/07/2026 08:59:47 AM
13246A,N,V,04/07/2026 03:56:54 PM
13246B,N,V,04/07/2026 03:43:46 PM
13247A,N,O,04/07/2026 02:29:16 PM
13249A,N,O,04/07/2026 08:55:45 AM
13249B,N,O,04/07/2026 03:01:28 PM
13250A,N,O,04/07/2026 03:23:57 PM
13250B,N,O,04/07/2026 03:36:43 PM
13251A,N,O,04/07/2026 03:57:36 PM
13251B,N,O,04/07/2026 03:23:42 PM
13252A,N,O,04/07/2026 03:47:22 PM
13252B,N,O,04/07/2026 01:52:42 PM
13253A,N,O,04/07/2026 03:51:55 PM
13253B,N,O,04/07/2026 03:13:02 PM
13254A,N,V,04/07/2026 03:39:44 PM
13254B,N,O,04/07/2026 02:28:14 PM
13255A,N,O,04/07/2026 02:30:50 PM
13255B,N,O,04/07/2026 02:37:35 PM
13256B,N,O,04/07/2026 02:27:51 PM
13257A,N,O,04/07/2026 03:14:02 PM
13257B,N,V,04/07/2026 03:48:18 PM
13258B,N,O,04/07/2026 03:54:18 PM
13259A,N,O,03/28/2026 06:55:49 AM
13259B,N,O,04/07/2026 12:06:07 PM
13260A,N,V,04/07/2026 03:40:18 PM
13260B,N,V,04/07/2026 03:26:55 PM
13261A,N,O,04/07/2026 03:21:58 PM
13261B,N,V,04/07/2026 03:57:40 PM
13262A,N,O,04/07/2026 08:57:50 AM
13264A,N,O,04/07/2026 12:39:07 PM
13264B,N,O,04/07/2026 11:12:38 AM
13265A,N,O,04/07/2026 02:50:19 PM
13265B,N,O,04/07/2026 11:35:18 AM
13266A,N,O,04/07/2026 10:27:35 AM
13266B,N,V,04/07/2026 03:56:21 PM
13267A,N,V,04/07/2026 03:35:50 PM
13267B,N,V,04/07/2026 02:28:16 PM
13268A,N,O,04/07/2026 08:56:47 AM
13268B,N,O,04/07/2026 08:56:47 AM
13277A,N,O,04/07/2026 03:04:51 PM
13277B,N,O,04/07/2026 03:08:02 PM
13278A,N,O,04/07/2026 08:56:44 AM
13278B,N,O,04/07/2026 03:42:27 PM
13279A,N,O,04/07/2026 03:57:38 PM
13280A,N,O,04/07/2026 03:19:03 PM
13280B,N,O,04/07/2026 03:23:10 PM
13281A,N,O,04/07/2026 02:30:40 PM
13281B,N,O,04/07/2026 03:57:23 PM
13282A,N,O,04/07/2026 03:44:06 PM
13282B,N,O,04/07/2026 03:43:19 PM
13283A,N,O,04/07/2026 12:51:46 PM
13283B,N,O,04/07/2026 03:24:52 PM
13284A,N,O,04/07/2026 01:52:05 PM
13284B,N,O,04/07/2026 03:23:29 PM
13285B,N,O,04/07/2026 03:54:46 PM
13292A,N,O,04/07/2026 09:57:39 AM
13292B,N,O,04/05/2026 09:57:46 AM
13293A,N,O,04/07/2026 09:56:50 AM
13293B,N,O,04/07/2026 09:56:50 AM
13294A,N,O,04/07/2026 09:55:50 AM
13294B,N,O,04/07/2026 10:10:49 AM
13295B,N,O,04/07/2026 09:59:48 AM
13297A,N,V,04/07/2026 03:02:33 PM
13297B,N,V,04/07/2026 03:10:21 PM
13298A,N,V,04/07/2026 03:47:17 PM
13298B,N,V,04/07/2026 03:37:41 PM
13299A,N,O,04/07/2026 12:40:51 PM
13299B,N,O,04/07/2026 01:20:44 PM
1329A,N,O,04/07/2026 03:42:29 PM
1329B,N,O,04/07/2026 10:16:40 AM
13300A,N,V,04/07/2026 03:56:24 PM
13300B,N,V,04/07/2026 03:43:18 PM
13302A,N,O,04/07/2026 01:55:52 PM
13303A,N,O,04/07/2026 03:23:42 PM
13303B,N,V,04/07/2026 03:53:00 PM
13304A,N,O,04/07/2026 03:03:39 PM
13304B,N,V,03/22/2026 08:55:59 AM
13305A,N,O,04/07/2026 03:16:07 PM
13305B,N,O,04/07/2026 03:04:48 PM
13306A,N,V,04/07/2026 02:25:02 PM
13306B,N,V,04/07/2026 03:53:59 PM
13307A,N,V,04/07/2026 03:46:46 PM
13307B,N,O,04/07/2026 03:26:10 PM
13311A,N,O,04/07/2026 03:35:55 PM
13311B,N,O,04/07/2026 03:13:58 PM
13312A,N,O,04/07/2026 01:52:25 PM
13312B,N,O,04/07/2026 01:39:44 PM
13313A,N,O,04/07/2026 02:12:43 PM
13314A,N,O,04/07/2026 03:49:29 PM
13314B,N,O,04/07/2026 03:46:52 PM
13315A,N,V,04/07/2026 03:35:12 PM
13315B,N,O,04/07/2026 03:43:46 PM
13316A,N,O,04/07/2026 03:57:16 PM
13316B,N,V,04/07/2026 03:57:25 PM
13319A,N,O,04/07/2026 03:38:39 PM
13319B,N,O,04/07/2026 03:31:26 PM
13320B,N,O,04/07/2026 03:45:51 PM
13321A,N,O,04/07/2026 01:36:28 PM
13321B,N,O,04/07/2026 01:33:55 PM
13322B,N,O,04/07/2026 09:36:35 AM
13323B,N,O,04/07/2026 09:38:20 AM
13324A,N,V,04/07/2026 02:54:31 PM
13325A,N,V,04/07/2026 11:21:02 AM
13325B,N,V,04/07/2026 12:59:02 PM
13326A,N,V,04/07/2026 03:54:03 PM
13326B,N,V,04/07/2026 03:53:39 PM
13332A,N,V,04/07/2026 03:57:30 PM
13332B,N,O,04/07/2026 03:57:41 PM
13333A,N,O,04/07/2026 12:30:41 PM
13334A,N,O,04/07/2026 12:36:33 PM
13334B,N,V,04/07/2026 12:10:34 PM
13335A,N,V,04/07/2026 03:08:04 PM
13335B,N,V,04/07/2026 03:57:40 PM
13336A,N,O,04/07/2026 02:35:26 PM
13336B,N,V,04/07/2026 03:15:19 PM
13337A,N,V,04/07/2026 03:57:40 PM
13337B,N,O,04/07/2026 03:57:16 PM
13338A,N,V,04/07/2026 09:19:27 AM
13338B,N,V,04/07/2026 02:36:07 PM
13339A,N,V,04/07/2026 03:57:40 PM
13340A,N,V,04/07/2026 03:57:36 PM
13340B,N,V,04/07/2026 03:57:39 PM
13341A,N,O,04/07/2026 03:38:45 PM
13341B,N,O,04/07/2026 03:13:43 PM
13343B,N,O,04/07/2026 02:27:50 PM
13344A,N,O,04/07/2026 02:15:35 PM
13344B,N,V,04/07/2026 03:38:44 PM
13345A,N,O,04/07/2026 03:40:59 PM
13345B,N,O,04/07/2026 02:06:45 PM
13346A,N,V,04/07/2026 02:53:22 PM
13346B,N,V,04/07/2026 10:17:05 AM
13347A,N,V,04/07/2026 03:57:15 PM
13347B,N,V,04/07/2026 03:11:59 PM
13348A,N,O,04/07/2026 03:52:54 PM
13348B,N,O,04/07/2026 03:05:04 PM
13349A,N,O,04/07/2026 08:55:49 AM
1334A,N,O,04/07/2026 03:02:12 PM
1334B,N,O,04/07/2026 12:40:51 PM
13350A,N,V,04/07/2026 02:23:16 PM
13350B,N,V,04/07/2026 11:34:11 AM
13351A,N,O,04/07/2026 12:34:05 PM
13351B,N,V,04/07/2026 03:57:39 PM
13352A,N,O,04/07/2026 03:54:00 PM
13352B,N,O,04/07/2026 03:57:16 PM
13355A,N,V,04/07/2026 03:07:40 PM
13355B,N,V,04/07/2026 03:48:32 PM
13356A,N,V,04/07/2026 03:29:09 PM
13356B,N,O,04/07/2026 02:17:19 PM
13357A,N,O,04/07/2026 03:21:53 PM
13357B,N,O,04/07/2026 02:58:56 PM
13358A,N,O,04/07/2026 03:10:26 PM
13358B,N,O,04/07/2026 08:56:46 AM
13359A,N,O,04/07/2026 10:49:52 AM
13359B,N,O,04/07/2026 08:55:46 AM
1335A,N,O,04/07/2026 02:50:01 PM
1335B,N,O,04/07/2026 03:23:26 PM
1336A,N,O,04/07/2026 03:50:13 PM
1336B,N,O,04/07/2026 03:56:56 PM
1337A,N,O,04/07/2026 10:27:50 AM
1337B,N,O,04/07/2026 11:29:10 AM
13400A,N,O,04/07/2026 12:04:40 PM
13400B,N,V,04/07/2026 03:57:09 PM
13401A,N,O,04/07/2026 01:40:13 PM
13401B,N,O,04/07/2026 08:58:53 AM
13402A,N,O,04/07/2026 01:28:42 PM
13402B,N,O,04/07/2026 03:07:13 PM
13403A,N,O,04/07/2026 08:56:53 AM
13403B,N,O,04/07/2026 12:10:48 PM
13404A,N,O,04/07/2026 12:47:13 PM
13404B,N,O,04/07/2026 03:48:43 PM
13405A,N,O,04/07/2026 02:14:01 PM
13405B,N,O,04/07/2026 03:12:52 PM
13413A,N,O,04/07/2026 03:26:06 PM
13413B,N,O,04/07/2026 08:56:51 AM
13422A,N,V,04/07/2026 03:01:16 PM
13422B,N,O,04/07/2026 03:57:34 PM
13423B,N,O,04/07/2026 09:22:24 AM
13427A,N,O,04/07/2026 03:15:46 PM
13427B,N,O,04/07/2026 03:35:58 PM
13428A,N,O,04/07/2026 01:06:31 PM
13428B,N,O,04/07/2026 09:15:51 AM
13431A,N,O,04/07/2026 12:04:22 PM
13431B,N,V,04/07/2026 03:50:39 PM
13432A,N,O,04/07/2026 01:56:39 PM
13432B,N,V,04/07/2026 03:57:26 PM
13433A,N,O,04/07/2026 03:57:42 PM
13433B,N,V,04/07/2026 03:57:28 PM
13434A,N,O,04/07/2026 03:33:54 PM
13434B,N,V,04/07/2026 03:57:01 PM
13461A,N,V,04/06/2026 06:30:13 PM
13462A,N,O,04/06/2026 08:56:10 PM
13462B,N,O,04/07/2026 03:57:40 PM
13463A,N,O,04/07/2026 11:48:30 AM
13463B,N,V,04/07/2026 01:59:37 PM
13464A,N,V,04/07/2026 03:54:21 PM
13464B,N,V,04/07/2026 02:14:46 PM
13465B,N,O,04/07/2026 03:53:41 PM
13466A,N,V,04/07/2026 03:57:32 PM
13466B,N,V,04/07/2026 03:57:25 PM
13467A,N,V,04/07/2026 03:34:09 PM
13467B,N,V,04/07/2026 03:10:16 PM
13468B,N,V,04/07/2026 03:55:10 PM
13469A,N,V,04/07/2026 03:24:35 PM
13469B,N,V,04/07/2026 03:24:32 PM
13470A,N,V,04/07/2026 03:43:08 PM
13470B,N,V,04/07/2026 03:55:48 PM
13471A,N,V,04/07/2026 03:47:17 PM
13471B,N,O,04/07/2026 02:51:53 PM
13472A,N,O,04/07/2026 03:53:32 PM
13472B,N,V,04/07/2026 03:41:55 PM
13473A,N,O,04/07/2026 03:45:02 PM
13473B,N,O,04/07/2026 03:08:48 PM
13474A,N,V,04/07/2026 02:11:32 PM
13474B,N,V,04/07/2026 03:30:57 PM
13476A,N,V,04/07/2026 03:54:43 PM
13476B,N,O,04/07/2026 03:52:46 PM
13477A,N,O,04/07/2026 09:37:24 AM
13477B,N,V,04/07/2026 02:37:44 PM
13478A,N,O,11/08/2025 11:10:25 AM
13478B,N,V,04/07/2026 02:56:03 PM
13479A,N,V,04/07/2026 03:38:36 PM
13479B,N,O,04/07/2026 01:51:52 PM
13480A,N,V,04/07/2026 03:39:02 PM
13481A,N,O,04/07/2026 03:39:45 PM
13481B,N,O,04/07/2026 03:50:23 PM
13482A,N,O,04/07/2026 10:42:47 AM
13482B,N,O,04/07/2026 03:57:36 PM
13484A,N,O,04/07/2026 03:46:30 PM
13484B,N,V,04/07/2026 03:42:57 PM
13485B,N,O,04/07/2026 02:08:44 PM
13486A,N,V,04/07/2026 12:38:18 PM
13487A,N,V,04/07/2026 03:10:51 PM
13487B,N,O,04/07/2026 03:11:04 PM
13488A,N,V,04/07/2026 03:03:38 PM
13488B,N,V,04/07/2026 11:25:07 AM
13489B,N,V,04/07/2026 03:55:52 PM
13490A,N,V,04/07/2026 03:26:14 PM
13490B,N,O,04/07/2026 02:49:37 PM
13491B,N,O,04/07/2026 11:55:39 AM
13496A,N,O,04/07/2026 09:54:43 AM
13496B,N,V,04/07/2026 02:02:24 PM
13497A,N,V,04/07/2026 03:29:04 PM
13497B,N,V,04/07/2026 03:10:59 PM
13498A,N,V,04/07/2026 03:09:58 PM
13498B,N,V,04/07/2026 01:59:04 PM
13499A,N,O,04/07/2026 03:55:36 PM
13499B,N,V,04/07/2026 03:05:33 PM
13521A,N,V,04/07/2026 03:56:40 PM
13521B,N,O,04/07/2026 03:57:32 PM
13522A,N,O,04/07/2026 12:51:09 PM
13522B,N,O,04/07/2026 03:19:05 PM
13523B,N,O,04/07/2026 02:38:55 PM
13524A,N,V,04/07/2026 03:53:15 PM
13524B,N,O,04/07/2026 02:10:55 PM
13525B,N,O,04/07/2026 03:35:59 PM
13526A,N,V,04/07/2026 03:40:27 PM
13526B,N,O,04/07/2026 12:25:12 PM
13527A,N,V,04/07/2026 01:44:40 PM
13527B,N,O,04/07/2026 08:57:46 AM
13528B,N,O,04/07/2026 03:57:34 PM
13529A,N,O,04/07/2026 03:28:15 PM
13529B,N,V,04/07/2026 03:57:12 PM
13534B,N,V,04/07/2026 03:53:54 PM
13535A,N,O,04/07/2026 03:17:52 PM
13536A,N,V,04/07/2026 03:47:29 PM
13536B,N,O,04/07/2026 03:57:23 PM
13537B,N,V,04/07/2026 03:16:12 PM
13538A,N,V,04/06/2026 03:31:20 PM
13538B,N,O,04/07/2026 11:05:46 AM
13539B,N,V,04/07/2026 12:29:12 PM
13541B,N,O,04/07/2026 03:37:38 PM
13542B,N,O,04/07/2026 02:40:21 PM
13543A,N,O,04/07/2026 01:52:15 PM
13543B,N,O,04/07/2026 02:25:48 PM
13544A,N,O,04/07/2026 03:05:41 PM
13544B,N,O,04/07/2026 02:20:58 PM
13545A,N,V,04/07/2026 03:39:09 PM
13546A,N,O,04/07/2026 03:21:39 PM
13546B,N,V,04/07/2026 03:28:30 PM
13551A,N,V,04/07/2026 03:39:13 PM
13551B,N,O,04/07/2026 03:55:32 PM
13552A,N,O,04/07/2026 03:26:25 PM
13552B,N,O,04/07/2026 03:53:45 PM
13553A,N,O,04/07/2026 01:43:53 PM
13553B,N,O,04/07/2026 08:56:52 AM
13554A,N,O,04/07/2026 02:40:07 PM
13554B,N,O,04/07/2026 03:09:18 PM
13561A,N,O,04/07/2026 08:58:48 AM
13561B,N,O,04/07/2026 08:59:41 AM
13562A,N,V,04/07/2026 03:55:53 PM
13562B,N,O,04/07/2026 12:28:34 PM
13563A,N,O,04/07/2026 12:42:48 PM
13563B,N,V,04/07/2026 03:56:49 PM
13564A,N,O,04/07/2026 03:52:40 PM
13564B,N,O,04/07/2026 01:50:39 PM
13565A,N,O,04/07/2026 03:57:16 PM
13565B,N,O,04/07/2026 03:52:07 PM
13566A,N,V,04/07/2026 03:50:03 PM
13566B,N,V,04/07/2026 03:57:35 PM
13567A,N,V,04/07/2026 03:15:14 PM
13567B,N,O,04/07/2026 08:57:42 AM
13568A,N,V,04/07/2026 03:54:22 PM
13568B,N,O,04/07/2026 03:49:27 PM
13572B,N,V,04/07/2026 03:56:43 PM
13573B,N,V,04/07/2026 12:26:22 PM
13583A,N,V,04/07/2026 02:15:45 PM
13583B,N,O,04/07/2026 03:57:31 PM
13585A,N,V,04/07/2026 03:20:21 PM
13585B,N,O,04/07/2026 03:30:03 PM
13595A,N,O,04/07/2026 03:57:34 PM
13595B,N,V,04/07/2026 03:34:57 PM
13596A,N,O,04/07/2026 03:57:42 PM
13596B,N,O,12/13/2025 07:40:13 AM
13602A,N,O,04/07/2026 08:58:03 AM
13603A,N,O,04/07/2026 03:02:43 PM
13603B,N,V,04/07/2026 02:19:55 PM
13604A,N,V,04/07/2026 03:08:06 PM
13604B,N,V,04/07/2026 03:57:33 PM
13610B,N,O,04/07/2026 03:57:16 PM
13611A,N,V,04/07/2026 03:10:04 PM
13611B,N,V,04/07/2026 03:09:45 PM
13612A,N,V,04/07/2026 03:08:43 PM
13612B,N,V,04/07/2026 03:52:27 PM
13613A,N,V,04/07/2026 03:57:41 PM
13613B,N,O,04/07/2026 03:46:03 PM
13617A,N,O,04/07/2026 03:43:17 PM
13617B,N,O,04/07/2026 08:57:49 AM
13618A,N,O,04/07/2026 02:36:29 PM
13618B,N,V,04/07/2026 03:39:06 PM
13619B,N,O,04/07/2026 08:55:46 AM
13620B,N,O,04/07/2026 03:35:09 PM
13624A,N,O,04/07/2026 03:53:04 PM
13624B,N,O,04/07/2026 03:53:08 PM
13628B,N,O,04/07/2026 09:09:20 AM
13635A,N,O,04/07/2026 03:02:48 PM
13635B,N,O,04/07/2026 03:34:14 PM
13636A,N,O,04/07/2026 10:43:35 AM
13636B,N,O,04/07/2026 03:55:07 PM
13646A,N,O,04/07/2026 02:01:22 PM
13646B,N,O,04/07/2026 08:58:49 AM
13647A,N,V,04/07/2026 03:44:17 PM
13647B,N,V,04/07/2026 02:50:55 PM
13648A,N,O,04/07/2026 02:58:27 PM
13648B,N,V,04/07/2026 03:56:57 PM
13649A,N,O,04/07/2026 03:43:05 PM
13649B,N,V,04/07/2026 03:28:28 PM
13650A,N,O,04/07/2026 03:55:25 PM
13650B,N,V,04/07/2026 03:56:10 PM
13651B,N,O,04/07/2026 03:12:26 PM
13652A,N,V,04/07/2026 03:34:13 PM
13652B,N,V,04/07/2026 03:52:19 PM
13654A,N,V,04/07/2026 02:47:50 PM
13654B,N,V,04/07/2026 03:43:22 PM
13655A,N,O,04/07/2026 03:57:42 PM
13655B,N,V,04/07/2026 03:55:06 PM
13656A,N,V,04/07/2026 03:12:47 PM
13656B,N,V,04/07/2026 03:56:14 PM
13658A,N,V,04/07/2026 02:28:54 PM
13658B,N,O,04/07/2026 03:54:14 PM
13659A,N,V,04/07/2026 03:50:42 PM
13659B,N,O,04/07/2026 03:46:45 PM
13660B,N,V,04/07/2026 03:01:04 PM
13661A,N,V,04/07/2026 02:48:39 PM
13662B,N,V,04/07/2026 02:49:47 PM
13663A,N,O,04/07/2026 03:53:57 PM
13663B,N,O,04/07/2026 11:11:30 AM
13672A,N,O,04/07/2026 02:38:20 PM
13672B,N,O,04/07/2026 02:45:21 PM
13673A,N,V,04/07/2026 03:32:35 PM
13673B,N,O,04/07/2026 02:35:46 PM
13674A,N,O,04/07/2026 02:54:26 PM
13674B,N,V,04/07/2026 03:43:15 PM
13675A,N,O,04/07/2026 03:16:14 PM
13675B,N,O,04/07/2026 02:41:05 PM
13676A,N,V,04/07/2026 11:13:29 AM
13676B,N,V,04/07/2026 03:57:27 PM
13677A,N,O,04/07/2026 03:55:55 PM
13678A,N,O,04/07/2026 01:22:07 PM
13678B,N,V,04/07/2026 03:25:58 PM
13679B,N,O,04/07/2026 02:33:35 PM
13682A,N,O,04/07/2026 02:19:22 PM
13682B,N,O,04/07/2026 12:38:34 PM
13683A,N,O,04/07/2026 02:17:17 PM
13683B,N,O,04/07/2026 02:30:14 PM
13684A,N,O,04/07/2026 02:25:40 PM
13684B,N,O,04/07/2026 03:42:22 PM
13695A,N,V,04/07/2026 03:55:38 PM
13695B,N,V,04/07/2026 03:25:19 PM
13696A,N,V,04/07/2026 02:29:51 PM
13696B,N,V,04/07/2026 03:28:49 PM
13697A,N,V,04/07/2026 03:31:55 PM
13697B,N,V,04/07/2026 03:55:24 PM
13698A,N,O,04/07/2026 08:56:49 AM
13698B,N,O,04/07/2026 03:56:38 PM
13700A,N,V,04/07/2026 10:47:46 AM
13700B,N,V,04/07/2026 03:30:41 PM
13704B,N,O,04/07/2026 02:52:29 PM
13705A,N,O,04/07/2026 02:52:02 PM
13705B,N,O,04/07/2026 03:17:58 PM
13706A,N,O,04/07/2026 03:02:18 PM
13706B,N,O,04/07/2026 08:58:46 AM
13711A,N,O,04/07/2026 02:33:04 PM
13711B,N,O,04/07/2026 02:31:35 PM
13712A,N,O,04/07/2026 01:43:46 PM
13712B,N,V,04/07/2026 03:32:42 PM
13713A,N,O,04/07/2026 03:08:23 PM
13713B,N,O,04/07/2026 03:02:05 PM
13714A,N,O,04/07/2026 03:38:27 PM
13714B,N,O,04/07/2026 03:36:30 PM
13881A,N,O,04/07/2026 03:37:42 PM
13881B,N,O,04/07/2026 09:58:42 AM
13882A,N,V,04/07/2026 03:54:50 PM
13882B,N,O,04/07/2026 03:50:22 PM
13883A,N,O,04/07/2026 02:00:23 PM
13883B,N,O,04/07/2026 03:40:12 PM
13884A,N,O,04/07/2026 03:53:30 PM
13884B,N,O,04/07/2026 09:55:42 AM
13885A,N,O,04/07/2026 02:56:56 PM
13885B,N,O,04/07/2026 03:23:53 PM
13886A,N,O,04/07/2026 09:58:55 AM
13886B,N,O,04/07/2026 09:58:48 AM
13887A,N,O,04/07/2026 08:57:49 AM
13887B,N,O,04/07/2026 08:57:53 AM
13888A,N,O,04/07/2026 03:46:16 PM
13888B,N,O,04/07/2026 11:59:39 AM
13889A,N,O,04/07/2026 02:25:39 PM
13889B,N,O,04/07/2026 03:53:48 PM
13893A,N,O,04/07/2026 02:15:44 PM
13893B,N,V,04/07/2026 03:48:27 PM
13896A,N,V,04/07/2026 03:36:31 PM
13896B,N,O,04/07/2026 03:54:17 PM
13901A,N,O,04/07/2026 08:58:49 AM
13902A,N,O,04/07/2026 03:05:32 PM
13902B,N,O,04/07/2026 11:42:44 AM
13903A,N,O,04/07/2026 03:38:46 PM
13904A,N,O,04/07/2026 02:20:34 PM
13904B,N,O,04/07/2026 02:32:13 PM
13905A,N,O,04/07/2026 02:28:37 PM
13905B,N,O,04/07/2026 08:59:47 AM
13906A,N,O,04/07/2026 02:33:03 PM
13907A,N,O,04/07/2026 03:55:46 PM
13907B,N,O,04/07/2026 03:32:32 PM
13908A,N,O,04/07/2026 03:33:04 PM
13908B,N,O,04/07/2026 01:04:25 PM
13909A,N,V,04/07/2026 03:55:06 PM
13909B,N,O,04/07/2026 02:05:10 PM
13910A,N,O,04/07/2026 02:44:23 PM
13910B,N,O,04/07/2026 01:56:52 PM
13911A,N,V,04/07/2026 03:56:13 PM
13911B,N,O,04/07/2026 03:57:29 PM
13912A,N,O,04/07/2026 12:51:37 PM
13912B,N,O,04/07/2026 12:52:39 PM
13913A,N,O,04/07/2026 12:20:31 PM
13913B,N,O,04/07/2026 01:14:36 PM
13914A,N,O,04/07/2026 03:14:34 PM
13914B,N,O,04/07/2026 02:37:54 PM
13915B,N,O,04/07/2026 12:50:53 PM
13916A,N,O,04/07/2026 01:30:50 PM
13916B,N,O,04/07/2026 03:05:45 PM
13917A,N,O,04/07/2026 03:51:36 PM
13917B,N,O,04/07/2026 11:48:41 AM
13918A,N,V,04/07/2026 03:57:00 PM
13918B,N,O,04/07/2026 09:27:27 AM
13919A,N,O,04/07/2026 03:54:27 PM
13920A,NU,O,04/07/2026 08:59:48 AM
13920B,NU,O,04/07/2026 03:45:59 PM
13921A,N,O,04/07/2026 01:17:26 PM
13921B,N,O,04/07/2026 03:36:51 PM
13922A,N,O,04/07/2026 10:38:55 AM
13922B,N,O,04/07/2026 10:38:55 AM
13923A,N,O,04/07/2026 12:39:52 PM
13923B,N,O,04/07/2026 08:56:50 AM
13924A,N,O,04/07/2026 01:32:37 PM
13924B,N,O,04/07/2026 08:55:46 AM
13925A,N,O,04/07/2026 03:17:04 PM
13925B,N,V,04/07/2026 03:54:52 PM
13926A,N,O,04/07/2026 03:52:40 PM
13926B,N,O,04/07/2026 08:58:52 AM
13927A,N,O,04/07/2026 08:57:47 AM
13927B,N,O,04/07/2026 09:29:10 AM
13928A,N,O,04/07/2026 08:56:55 AM
13928B,N,O,04/07/2026 08:56:55 AM
13929A,N,O,04/07/2026 09:10:40 AM
13931A,N,O,04/07/2026 03:42:36 PM
13931B,N,O,04/07/2026 02:40:33 PM
13932A,N,O,04/07/2026 08:57:49 AM
13932B,N,O,04/07/2026 03:31:19 PM
13933A,N,O,04/07/2026 03:07:48 PM
13933B,N,O,04/07/2026 03:20:39 PM
13934A,N,O,04/07/2026 09:28:46 AM
13934B,N,O,04/07/2026 03:20:42 PM
13935A,N,O,04/07/2026 01:46:25 PM
13935B,N,O,04/07/2026 12:49:53 PM
13936A,N,O,04/07/2026 09:46:26 AM
13936B,N,O,04/07/2026 10:47:21 AM
13937A,N,O,04/07/2026 09:57:46 AM
13937B,N,O,04/07/2026 09:57:46 AM
13938A,N,O,04/07/2026 09:56:46 AM
13938B,N,O,04/06/2026 01:47:49 PM
13939A,N,O,04/07/2026 09:55:42 AM
13941A,N,V,04/07/2026 03:29:51 PM
13941B,N,V,04/07/2026 03:12:44 PM
13942A,N,O,04/07/2026 08:57:48 AM
13942B,N,O,04/07/2026 08:57:48 AM
13943A,N,O,04/07/2026 08:56:47 AM
13943B,N,O,04/07/2026 08:56:47 AM
13944A,N,O,04/07/2026 11:16:12 AM
13944B,N,O,04/07/2026 09:55:46 AM
13945B,N,V,04/07/2026 03:39:15 PM
13946A,N,V,04/07/2026 03:57:09 PM
13946B,N,O,04/07/2026 08:58:51 AM
13950A,N,O,04/07/2026 01:57:31 PM
13950B,N,O,04/07/2026 03:31:37 PM
13951A,N,O,04/07/2026 11:02:20 AM
13951B,N,V,04/07/2026 02:08:26 PM
13952A,N,O,04/07/2026 01:45:35 PM
13952B,N,O,04/07/2026 03:13:55 PM
13953A,N,O,04/07/2026 02:58:29 PM
13953B,N,O,04/07/2026 03:07:04 PM
13954A,N,O,04/07/2026 12:26:37 PM
13954B,N,V,04/07/2026 03:57:02 PM
13955A,N,O,04/07/2026 03:22:37 PM
13955B,N,O,04/07/2026 03:31:04 PM
13956A,N,V,04/07/2026 03:57:38 PM
13956B,N,O,04/07/2026 03:02:40 PM
13957A,N,O,04/07/2026 02:15:29 PM
13957B,N,O,04/07/2026 03:36:39 PM
13958A,N,O,04/07/2026 02:04:05 PM
13958B,N,O,04/07/2026 10:47:41 AM
13960A,N,O,04/07/2026 02:45:46 PM
13960B,N,O,04/07/2026 08:59:54 AM
13961A,N,O,04/07/2026 03:56:32 PM
13961B,N,V,04/07/2026 03:48:53 PM
13962A,N,O,04/07/2026 08:57:57 AM
13962B,N,O,04/07/2026 11:23:03 AM
13963A,N,O,04/07/2026 03:55:44 PM
13963B,N,O,04/07/2026 08:56:57 AM
13964A,N,O,04/07/2026 08:55:48 AM
13964B,N,O,04/06/2026 11:47:44 AM
13965A,N,O,04/07/2026 08:59:53 AM
13A,NU,V,02/25/2026 11:46:20 PM
13B,NU,O,02/25/2026 11:59:12 PM
14002A,N,V,04/07/2026 03:54:02 PM
14003A,N,V,04/07/2026 03:57:00 PM
14003B,N,V,04/07/2026 03:15:28 PM
14004A,N,V,04/07/2026 03:17:01 PM
14004B,N,V,04/07/2026 03:47:55 PM
14005A,N,V,04/07/2026 03:13:09 PM
14005B,NU,O,04/07/2026 03:41:02 PM
14006A,N,O,04/07/2026 03:55:10 PM
14006B,N,V,04/07/2026 01:20:00 PM
14007B,N,V,04/07/2026 10:53:55 AM
14011A,N,O,04/07/2026 02:57:01 PM
14011B,N,O,04/07/2026 02:39:31 PM
14012A,N,O,04/07/2026 02:53:55 PM
14012B,N,O,04/07/2026 01:38:53 PM
14013A,N,O,04/07/2026 12:58:39 PM
14013B,N,O,04/07/2026 03:27:37 PM
14014A,N,O,04/07/2026 03:01:07 PM
14014B,N,V,04/07/2026 03:57:09 PM
14015A,N,V,04/07/2026 03:31:02 PM
14015B,NU,V,04/07/2026 03:44:29 PM
14016A,N,O,04/07/2026 03:52:48 PM
14016B,N,V,04/07/2026 03:53:04 PM
14017A,N,V,04/07/2026 03:57:02 PM
14017B,N,O,04/07/2026 03:40:09 PM
14018A,N,O,04/07/2026 03:35:03 PM
14018B,N,O,04/07/2026 03:48:08 PM
14019A,N,O,04/07/2026 03:48:06 PM
14019B,N,O,04/07/2026 03:13:20 PM
14020A,N,O,04/07/2026 02:20:18 PM
14020B,NU,O,04/07/2026 01:44:22 PM
1443A,N,O,04/07/2026 03:08:18 PM
1443B,N,V,04/07/2026 03:53:16 PM
1444A,N,O,04/07/2026 03:52:20 PM
1444B,N,O,04/07/2026 10:25:45 AM
1445A,N,O,04/07/2026 03:51:33 PM
1445B,N,O,04/07/2026 03:07:32 PM
1446A,N,O,04/07/2026 03:50:12 PM
1447A,N,O,04/07/2026 01:32:51 PM
1447B,N,O,04/06/2026 08:01:05 PM
1448A,N,O,04/07/2026 08:56:49 AM
1448B,N,O,04/07/2026 11:17:04 AM
1449A,N,O,04/07/2026 03:40:57 PM
1449B,N,V,04/07/2026 03:56:43 PM
1450A,N,O,04/07/2026 10:32:31 AM
1450B,N,O,04/07/2026 03:50:30 PM
1451A,N,O,04/07/2026 02:33:27 PM
1451B,N,O,04/07/2026 03:22:58 PM
1452A,N,O,04/07/2026 11:42:58 AM
1452B,N,O,04/07/2026 08:57:47 AM
1453A,N,O,04/07/2026 08:57:07 AM
1453B,N,O,04/07/2026 02:56:00 PM
1454A,N,O,04/07/2026 01:47:57 PM
1454B,N,V,04/07/2026 03:57:29 PM
1455A,N,O,04/07/2026 11:59:48 AM
1455B,N,O,04/07/2026 01:19:31 PM
1456A,N,O,04/07/2026 11:42:46 AM
1456B,N,O,04/07/2026 12:36:23 PM
1457B,N,O,04/07/2026 08:57:45 AM
1458A,N,O,04/07/2026 02:44:41 PM
1458B,N,O,04/07/2026 02:34:47 PM
1459A,N,O,04/07/2026 08:55:48 AM
1459B,N,O,04/07/2026 02:37:59 PM
1460A,N,O,04/07/2026 03:25:13 PM
1460B,N,O,04/07/2026 08:59:58 AM
1461A,N,O,04/07/2026 02:10:50 PM
1461B,N,O,04/07/2026 08:58:45 AM
1464A,N,O,04/07/2026 03:38:22 PM
1465A,N,O,04/07/2026 08:59:49 AM
1465B,N,O,04/07/2026 08:59:49 AM
1466A,N,O,04/07/2026 08:58:47 AM
1466B,N,O,04/07/2026 09:35:33 AM
1467A,N,O,04/07/2026 02:44:07 PM
1467B,N,O,04/07/2026 08:57:45 AM
1479A,N,O,04/07/2026 02:48:47 PM
1479B,N,O,04/07/2026 03:37:09 PM
1480A,N,O,04/07/2026 03:48:17 PM
1480B,N,O,04/07/2026 12:42:34 PM
149A,N,O,04/07/2026 11:55:40 AM
149B,N,O,04/07/2026 12:50:09 PM
14A,NU,V,04/07/2026 03:48:05 PM
14B,NU,V,04/07/2026 03:57:45 PM
150A,N,O,04/07/2026 11:46:52 AM
150B,N,V,04/07/2026 03:40:09 PM
1515A,N,O,04/07/2026 03:44:39 PM
1515B,N,V,04/07/2026 03:39:02 PM
1516A,N,O,04/07/2026 03:21:37 PM
1516B,N,V,04/07/2026 03:51:51 PM
1517A,N,O,04/07/2026 03:17:39 PM
1517B,N,O,04/07/2026 03:55:21 PM
1518A,N,O,04/07/2026 03:30:21 PM
1518B,N,V,04/07/2026 03:38:51 PM
1519A,N,O,01/22/2026 12:31:26 PM
151A,N,O,04/07/2026 08:46:15 AM
151B,N,V,04/07/2026 03:45:22 PM
1520A,N,V,04/07/2026 03:49:50 PM
1521A,N,V,04/07/2026 03:51:08 PM
1521B,N,O,04/07/2026 03:34:30 PM
1522B,N,O,04/07/2026 03:45:00 PM
1523A,N,V,04/07/2026 03:57:34 PM
1523B,N,V,04/07/2026 03:57:26 PM
1524A,N,V,04/07/2026 02:15:56 PM
1524B,N,O,04/07/2026 03:02:18 PM
1525A,N,V,04/06/2026 08:00:09 PM
1525B,N,V,04/07/2026 03:56:46 PM
1526A,N,O,04/07/2026 03:55:11 PM
1526B,N,O,04/07/2026 03:57:24 PM
152A,N,O,04/07/2026 06:57:46 AM
152B,N,V,04/07/2026 12:13:50 PM
153A,N,O,04/07/2026 02:37:28 PM
153B,N,V,04/07/2026 03:54:51 PM
154A,N,O,12/27/2025 11:51:56 AM
154B,N,O,12/27/2025 06:55:48 AM
1553A,N,V,04/07/2026 03:56:10 PM
1553B,N,O,04/07/2026 03:16:20 PM
1554A,N,O,04/07/2026 03:31:36 PM
1554B,N,O,04/07/2026 03:52:03 PM
1555A,N,O,04/07/2026 03:35:24 PM
1555B,N,O,04/07/2026 11:38:36 AM
1556A,N,O,04/07/2026 10:15:03 AM
1558A,N,O,04/07/2026 02:35:47 PM
1558B,N,O,04/07/2026 03:55:26 PM
155A,N,O,04/07/2026 09:51:47 AM
155B,N,O,04/07/2026 03:57:04 PM
1560A,N,O,04/07/2026 01:32:43 PM
1560B,N,O,04/07/2026 12:58:11 PM
1569B,N,O,04/07/2026 03:30:16 PM
156A,N,V,04/07/2026 03:57:33 PM
1570A,N,O,04/07/2026 03:54:43 PM
1570B,N,O,04/07/2026 08:59:45 AM
157B,N,O,04/07/2026 12:54:24 PM
158A,N,O,04/07/2026 03:29:41 PM
158B,N,O,04/07/2026 01:42:49 PM
1597A,N,O,04/07/2026 03:46:38 PM
1597B,N,O,04/07/2026 10:27:50 AM
1598A,N,O,04/07/2026 08:56:52 AM
1599A,N,O,04/07/2026 03:02:43 PM
1599B,N,O,04/07/2026 01:36:21 PM
159A,N,O,04/07/2026 03:32:48 PM
159B,N,O,04/07/2026 03:24:02 PM
15A,NU,O,04/07/2026 02:00:16 PM
1600A,N,O,04/07/2026 08:59:48 AM
1600B,N,O,04/07/2026 08:59:48 AM
1601A,N,V,04/07/2026 03:41:26 PM
1601B,N,O,04/07/2026 03:42:06 PM
1604A,N,V,04/07/2026 03:01:35 PM
1604B,N,O,04/07/2026 03:49:42 PM
1605A,N,O,04/07/2026 03:56:17 PM
1605B,N,O,04/07/2026 03:30:48 PM
1606A,N,V,04/07/2026 03:49:31 PM
1606B,N,O,04/07/2026 12:49:48 PM
1607A,N,O,04/07/2026 02:29:28 PM
1607B,N,O,04/07/2026 02:21:02 PM
1608A,N,V,04/07/2026 03:53:07 PM
1608B,N,O,04/07/2026 01:52:52 PM
1609A,N,O,04/07/2026 03:03:33 PM
1609B,N,V,04/07/2026 03:45:10 PM
1610A,N,O,04/07/2026 03:06:28 PM
1610B,N,O,04/07/2026 01:01:10 PM
1611A,N,V,04/07/2026 03:39:30 PM
1611B,N,O,04/07/2026 12:51:17 PM
1612A,N,O,04/07/2026 03:31:08 PM
1612B,N,O,04/07/2026 03:57:38 PM
1613A,N,O,04/07/2026 02:11:31 PM
1613B,N,O,04/07/2026 03:41:59 PM
1614A,N,O,04/07/2026 02:14:26 PM
1614B,N,O,04/07/2026 02:51:19 PM
1615A,N,O,04/07/2026 03:23:17 PM
1615B,N,O,04/07/2026 03:04:07 PM
1616A,N,O,04/07/2026 02:11:29 PM
1616B,N,O,04/07/2026 02:41:07 PM
1617A,N,O,04/07/2026 03:46:40 PM
1617B,N,O,04/07/2026 10:42:08 AM
1618A,N,O,04/07/2026 03:51:41 PM
1618B,N,O,04/07/2026 02:43:39 PM
1619A,N,O,04/07/2026 12:23:53 PM
1619B,N,O,04/07/2026 08:55:47 AM
1620A,N,O,04/07/2026 01:45:18 PM
1620B,N,O,04/07/2026 11:58:58 AM
1621A,N,O,04/07/2026 02:22:32 PM
1621B,N,O,04/07/2026 12:01:11 PM
1622A,N,O,04/07/2026 01:34:27 PM
1622B,N,O,04/07/2026 03:31:41 PM
1623A,N,O,04/07/2026 09:05:22 AM
1623B,N,O,04/07/2026 12:54:10 PM
1624A,N,O,04/07/2026 09:39:47 AM
1624B,N,O,04/07/2026 02:03:20 PM
1625A,N,O,04/07/2026 01:10:37 PM
1625B,N,O,04/07/2026 10:25:51 AM
1626A,N,O,04/07/2026 01:05:55 PM
1626B,N,O,04/07/2026 03:21:31 PM
1627A,N,O,04/07/2026 11:16:12 AM
1627B,N,O,04/07/2026 02:35:37 PM
1628A,N,O,04/07/2026 02:10:03 PM
1628B,N,O,04/07/2026 02:14:55 PM
1629A,N,O,04/07/2026 03:56:49 PM
1629B,N,O,04/07/2026 11:41:29 AM
1641A,N,O,04/07/2026 02:36:18 PM
1642A,N,O,04/07/2026 02:52:11 PM
1642B,N,O,04/07/2026 03:56:09 PM
1643A,N,O,04/07/2026 09:42:22 AM
1643B,N,O,04/07/2026 02:46:31 PM
1644A,N,O,04/07/2026 08:55:45 AM
1644B,N,O,04/07/2026 02:40:44 PM
1645A,N,O,04/07/2026 11:55:59 AM
1645B,N,O,04/07/2026 03:08:49 PM
1646A,N,O,04/07/2026 03:48:45 PM
1646B,N,O,04/07/2026 02:26:02 PM
1647A,N,O,04/07/2026 03:44:13 PM
1647B,N,O,04/07/2026 03:18:50 PM
1648A,N,V,04/07/2026 03:53:52 PM
1648B,N,V,01/19/2026 12:33:29 PM
1649A,N,O,04/07/2026 02:24:22 PM
1649B,N,O,04/07/2026 12:26:33 PM
1650A,N,O,04/07/2026 03:49:49 PM
1650B,N,O,04/07/2026 03:57:22 PM
1651A,N,V,04/07/2026 03:41:51 PM
1651B,N,O,04/07/2026 03:01:26 PM
1652A,N,O,04/07/2026 02:08:57 PM
1652B,N,O,04/07/2026 01:45:14 PM
1653A,N,V,04/07/2026 03:54:53 PM
1653B,N,V,04/07/2026 03:41:10 PM
1654A,N,V,04/07/2026 03:56:03 PM
1654B,N,O,04/07/2026 03:53:11 PM
1655A,N,O,04/07/2026 01:44:18 PM
1655B,N,V,04/07/2026 03:41:55 PM
1656A,N,O,04/07/2026 01:42:17 PM
1656B,N,V,04/07/2026 03:57:35 PM
1657A,NU,O,04/07/2026 10:26:48 AM
1657B,NU,O,04/07/2026 01:28:21 PM
16A,NU,O,04/07/2026 02:41:45 PM
16B,NU,O,04/07/2026 03:53:52 PM
1791A,N,O,04/07/2026 10:29:08 AM
1791B,N,O,04/07/2026 03:53:14 PM
1792A,N,O,04/07/2026 01:22:10 PM
1792B,N,O,04/07/2026 03:51:51 PM
1793A,N,O,04/07/2026 10:27:14 AM
1793B,N,O,04/07/2026 02:38:37 PM
1794A,N,O,04/07/2026 10:26:56 AM
1794B,N,O,04/07/2026 03:41:55 PM
1795A,N,O,04/07/2026 03:25:09 PM
1795B,N,O,04/07/2026 02:50:09 PM
17A,NU,O,04/07/2026 03:52:50 PM
18A,N,O,04/07/2026 03:12:12 PM
18B,N,O,04/07/2026 03:13:48 PM
1900A,N,O,04/07/2026 02:52:36 PM
1900B,N,O,04/07/2026 08:59:43 AM
1901A,N,O,04/07/2026 02:26:51 PM
1901B,N,V,04/07/2026 03:11:00 PM
1908B,N,O,04/07/2026 08:56:45 AM
1909A,N,O,04/07/2026 03:35:57 PM
1910A,N,O,04/07/2026 10:58:39 AM
1911A,N,O,04/07/2026 06:58:46 AM
1911B,N,O,04/07/2026 09:59:44 AM
1912A,N,O,04/07/2026 03:30:40 PM
1912B,N,O,04/07/2026 02:05:33 PM
1913A,N,O,04/07/2026 03:56:09 PM
1913B,N,O,04/07/2026 01:35:05 PM
1914A,N,O,04/06/2026 05:32:13 PM
1914B,N,O,04/07/2026 02:23:26 PM
1915A,N,O,04/07/2026 03:00:29 PM
1915B,N,O,04/07/2026 03:57:44 PM
1916A,N,O,04/07/2026 03:57:02 PM
1916B,N,O,04/07/2026 02:36:15 PM
1917A,N,O,04/07/2026 01:49:41 PM
1917B,N,V,04/07/2026 03:56:56 PM
1918A,N,O,04/07/2026 02:51:37 PM
1918B,N,O,04/07/2026 08:56:45 AM
1919B,N,O,04/07/2026 10:42:31 AM
191A,N,O,04/07/2026 10:28:52 AM
191B,N,V,04/07/2026 03:56:55 PM
1920A,N,O,04/07/2026 12:23:16 PM
1920B,N,O,04/07/2026 08:59:50 AM
1921A,N,O,04/07/2026 08:58:52 AM
1921B,N,O,04/07/2026 02:02:24 PM
1922A,N,O,04/07/2026 03:22:21 PM
1922B,N,O,04/07/2026 03:37:03 PM
1923A,N,O,04/07/2026 10:29:39 AM
1923B,N,O,04/07/2026 03:42:06 PM
1924A,N,O,04/07/2026 03:19:54 PM
1924B,N,O,04/07/2026 02:18:27 PM
192A,N,O,04/07/2026 02:23:57 PM
192B,N,O,04/07/2026 10:28:21 AM
1931B,N,O,04/02/2026 06:58:52 AM
1932A,N,O,04/02/2026 08:39:45 AM
1932B,N,O,04/02/2026 06:57:48 AM
1933A,N,O,04/02/2026 06:56:51 AM
1933B,N,O,04/02/2026 06:57:01 AM
1934A,N,O,04/02/2026 06:55:50 AM
1934B,N,O,04/02/2026 09:32:03 AM
1935A,N,O,04/02/2026 02:07:25 PM
1935B,N,O,04/02/2026 07:00:01 AM
1936A,N,O,04/02/2026 06:58:49 AM
1936B,N,O,04/02/2026 08:33:31 AM
1937A,N,O,04/02/2026 06:57:57 AM
1937B,N,O,04/02/2026 08:15:08 AM
1938A,N,O,04/02/2026 06:56:55 AM
1938B,N,O,04/02/2026 06:56:55 AM
1939A,N,O,04/02/2026 07:27:15 AM
1939B,N,O,04/02/2026 01:55:23 PM
1940A,N,O,04/02/2026 06:59:45 AM
1941A,N,O,04/02/2026 05:11:32 PM
1941B,N,O,04/02/2026 06:58:49 AM
1942A,N,O,04/02/2026 06:57:52 AM
1942B,N,O,04/02/2026 06:46:03 PM
1945B,N,O,04/02/2026 05:13:49 PM
1946A,N,O,04/02/2026 02:43:42 PM
1946B,N,O,04/02/2026 09:46:13 AM
1947A,N,O,04/02/2026 05:47:27 PM
1947B,N,O,04/02/2026 11:53:17 AM
1950B,N,O,04/07/2026 03:13:14 PM
1951A,N,O,04/07/2026 03:29:39 PM
1952A,N,O,01/20/2026 01:18:47 PM
1952B,N,O,01/20/2026 01:17:26 PM
1953A,N,O,04/07/2026 11:26:26 AM
1954A,N,O,04/07/2026 02:29:06 PM
1954B,N,O,04/07/2026 03:47:47 PM
1957A,N,O,04/05/2026 01:38:27 PM
1958A,N,V,04/07/2026 03:45:37 PM
1958B,N,O,04/07/2026 11:46:11 AM
198A,N,V,04/07/2026 03:49:47 PM
198B,N,O,04/07/2026 08:56:46 AM
199B,N,V,04/07/2026 02:38:49 PM
19A,N,O,04/07/2026 01:15:22 PM
19B,N,O,04/07/2026 02:40:56 PM
1A,N,V,04/07/2026 03:50:06 PM
1B,N,V,04/07/2026 03:41:14 PM
20000A,N,O,04/07/2026 03:46:31 PM
20000B,N,V,04/07/2026 03:56:58 PM
20001A,N,O,04/07/2026 08:58:42 AM
20001B,N,V,04/07/2026 03:52:12 PM
20002A,N,V,04/07/2026 03:42:39 PM
20002B,N,O,04/07/2026 08:57:49 AM
20003A,N,V,04/07/2026 03:45:34 PM
20003B,N,V,04/07/2026 03:57:46 PM
20004B,N,O,04/07/2026 03:57:46 PM
20005A,N,V,04/07/2026 01:56:15 PM
20005B,N,O,04/07/2026 03:48:34 PM
20006A,N,O,04/07/2026 03:40:18 PM
20006B,N,V,04/07/2026 03:56:03 PM
20007A,N,O,04/07/2026 03:57:03 PM
20007B,N,O,04/07/2026 03:50:59 PM
20008A,N,O,04/07/2026 03:44:39 PM
20008B,N,V,04/07/2026 03:33:15 PM
20009A,N,O,04/07/2026 01:23:50 PM
20009B,N,O,04/07/2026 03:32:33 PM
20010A,N,O,04/07/2026 03:56:54 PM
20010B,N,O,04/07/2026 01:59:00 PM
20011A,N,V,04/07/2026 03:48:20 PM
20011B,N,O,04/07/2026 03:11:00 PM
20012A,N,O,04/07/2026 03:33:18 PM
20012B,N,O,04/07/2026 03:41:39 PM
20013A,N,O,04/07/2026 03:52:50 PM
20013B,N,V,04/07/2026 03:57:41 PM
20014A,N,O,04/